	Entity Name	Alternative Name	Tag	Reference
0	ABASCIA	Abyssinia	Location	Murray
1	Abacan		Person	Yule
2	Abaji		Person	Yule
3	Abaka	Abaga	Person	Yule
4	Abano		Person	Yule
5	Abash	Habsh	Location	Yule
6	Abba Gregory		No	Yule
7	Abbott		No	Yule
8	Abdul Kuri Mejid		No	Yule
9	Abdul Kuri islands		Location	Yule
10	Abher		No	Yule
11	Abnús		No	Yule
12	Abraha		Person	Yule
13	Abraiaman		No	Yule
14	Abu Nasr Mohammed IX		Person	Yule
15	Abubakr		No	Yule
16	Abulfeda		Person	Yule
17	Abulfiez Khan		Person	Yule
18	Abul Abbas Ahmed VII		Person	Yule
19	Abyssinia	Abash	Location	Yule
20	Acbalec 	Acbaluc ,Cheng-ting fu	No	Yule
21	Acbalec Manzi		Location	Yule
22	Accambale		Person	Yule
23	Achalech-Manji		Location	Murray
24	Achar		No	Yule
25	Achin		Location	Yule
26	Achmac		Person	Murray
27	Achmath		No	Yule
28	Acomat		Person	Murray
29	Acomat Soldan	Ahmad Sultan	Person	Yule
30	Acorn bread		No	Yule
31	Acqui		Person	Yule
32	Acre		Location	Murray,Yule
33	Adam		Person	Yule
34	Adam's Peak		Location	Murray
35	Adamodana		Location	Yule
36	Adams Apple		No	Yule
37	Adel		No	Yule
38	Aden		Location	Murray,Yule
39	Adoration of the Emperor		No	Yule
40	Aegae		No	Yule
41	Aepyornis and its eggs		No	Yule
42	Afghans		No	Yule
43	Africa		Location	Yule
44	Agassiz		No	Yule
45	Agathocles		No	Yule
46	Agha Ali Sháh		No	Yule
47	Aghrukji	Ukuruji	No	Yule
48	Agricola		No	Yule
49	Aguil		No	Yule
50	Ahmad	Achmath	Person	Yule
51	Ahwaz		No	Yule
52	Ai-lao 	 Nan-chao	No	Yule
53	Aidhab		No	Yule
54	Aidhej		No	Yule
55	Aijaruc		Person	Yule
56	Aikah Nowin		Person	Yule
57	Ajmir		No	Yule
58	Ak Bulák salt mines		No	Yule
59	Ak-khoja		No	Yule
60	Akbar and Kúblái		No	Yule
61	Akhaltziké	Western Georgia	Location	Yule
62	Akhtuba River		Location	Yule
63	Aksarai		Location	Yule
64	Aksu River		Location	Yule
65	Aktár		No	Yule
66	Aktásh Valley		Location	Yule
67	Al Biruni		No	Yule
68	Alacou		Person	Yule
69	Alamút		Location	Yule
70	Alan country		Location	Yule
71	Alans		No	Yule
                                                                                                                                                                                                                                                                                                                                                                                    	Alaone		No	Yule
74	Alarm Tower		Location	Yule
75	Alau	the old Man of the Mountain,Hookalu	Person	Murray,Yule
76	Albenigaras		No	Yule
77	Alboquerque		No	Yule
78	Alchemy		No	Yule
79	Aleppo		No	Yule
80	Alexander III		Person	Yule
81	Alexander IV		Person	Yule
82	Alexander the Great		Person	Yule
83	Alexandria		Location	Yule
84	Alidada		No	Yule
85	Alihaiya		No	Yule
86	Alinak		No	Yule
87	Alligator		No	Yule
88	Almalik		No	Yule
89	Almanacs		No	Yule
90	Almonds		No	Yule
91	Aloes		No	Yule
92	Altai		Location	Murray,Yule
93	AltunKhan		Person	Yule
94	AlRamni		No	Yule
95	Aláuddin	Alaodin	Person	Yule
96	Amazons		No	Yule
97	Ambergris		No	Yule
98	Amda Zion		Person	Yule
99	Ament		No	Yule
100	Amhara		No	Yule
101	Amien		Location	Yule
102	Amita Buddha		No	Yule
103	Ammianus Marcellinus		No	Yule
104	Amoy		No	Yule
105	Amu	Bamoo	Location	Murray,Yule
106	Ananda		Person	Yule
107	Anaurahta		Person	Yule
108	Ancestor Worship		No	Yule
109	Anchors		No	Yule
110	Andaman	Angamanain	Location	Yule
111	Andragiri		No	Yule
112	Andreas		Person	Yule
113	Andrew		Person	Yule
114	Angaman Islands	Andaman	Location	Murray
115	Angamanain		Location	Yule
116	Angan		No	Yule
117	Angkor		No	Yule
118	Ani in Armenia		No	Yule
119	Animal Patterns		No	Yule
120	Anin		Location	Yule
121	Annals of the IndoChinese States		No	Yule
122	Anselmo		No	Yule
123	Antioch		No	Yule
124	Antongil Bay		Location	Yule
125	Anár		No	Yule
126	Aotonomoff		Person	Yule
127	Apples of Paradise	Konars	No	Yule
128	Apricots		No	Yule
129	Apushka	Apusca	Person	Yule
130	Arab geography		Location	Yule
131	Arababni		No	Yule
132	Arabi	Arabs	No	Yule
133	Arabia		No	Yule
134	Arabic character		No	Yule
135	Arakan		No	Yule
136	Aram	Harám	Location	Yule
137	Ararat		Location	Murray,Yule
138	Arblasts		No	Yule
139	Arbre Sol		No	Yule
140	Arcali		No	Yule
141	Architectural remains in IndoChina		No	Yule
142	Ardeshír		No	Yule
143	Ardeshír Bábekán		Person	Yule
144	Areca		No	Yule
145	Arezzo		No	Yule
146	Argaeus		No	Yule
147	Argali		No	Yule
148	Arghún		Person	Yule
149	Argiron	Erzeroum	Location	Murray
150	Argon		Person	Murray
151	Argons	Arghún	No	Yule
152	Arii		No	Yule
153	Arikbuga		Person	Yule
154	Arimaspia		No	Yule
155	Arimaspian gold		No	Yule
156	ArioraKeshimur		No	Yule
157	Ariosto		No	Yule
158	Aripo		No	Yule
159	Aristotle		No	Yule
160	Arjish	Arzizi	No	Yule
161	Arkasun Noian		No	Yule
162	Armenia		Location	Yule
163	Armenia the Greater		Location	Murray
164	Armenia the Lesser		Location	Murray
165	Armenian Christians		No	Yule
166	Armenians		No	Yule
167	Armillary Zodiacal Sphere		No	Yule
168	Armour of boiled leather		No	Yule
169	Arms of Kerman		No	Yule
170	Arredon 		No	Yule
171	Arrow Divination		No	Yule
172	Arrows		No	Yule
173	Artacki		No	Yule
174	Arts		No	Yule
175	Aru		No	Yule
176	Arucki		No	Yule
177	Aruk		No	Yule
178	Arulun Tsaghan Balghasun	ChaganNor	No	Yule
179	Arya Chakravarti		No	Yule
180	Aryavartta		No	Yule
181	Arzinga		Location	Murray,Yule
182	Arziron	Erzrum	Location	Yule
183	Arzizi	Arjísh	Location	Yule
184	Asbestos		No	Yule
185	Ascelin		Person	Murray
186	Asceticism of the Sensin		No	Yule
187	Asedin Soldan 	Ghaiassuddin Balban	No	Yule
188	Ashar 	Asciar	Person	Yule
189	Ashishin		No	Yule
190	Ashod		Person	Yule
191	Ashurada		No	Yule
192	Asikan		Person	Yule
193	Asoka		No	Yule
194	Assai 		Location	Yule
195	Assassins	Ashishin	No	Yule
196	Asses		No	Yule
197	Asterius		No	Yule
198	Astrakhan	Gittarchan	No	Yule
199	Astrolabe		No	Yule
200	Astrology		No	Yule
201	Astronomical instruments		No	Yule
202	Atabegs		No	Yule
203	Atjeh		No	Yule
204	Atkinsons Narratives		No	Yule
205	Atlas		No	Yule
206	Attalus		No	Yule
207	AtThaibi family		No	Yule
208	Auberoche		No	Yule
209	Audh	Oudh	No	Yule
210	Aufat		No	Yule
211	Augury		No	Yule
212	Aung Khan	Unc Can	No	Yule
213	Aurangzib		No	Yule
214	Aurora		No	Yule
215	Aussa		No	Yule
216	Avarian		No	Yule
217	Avebury		No	Yule
218	Avicennas classification of Iron		No	Yule
219	Axum		No	Yule
220	Ayas	Layas	No	Yule
221	Ayuthia		No	Yule
222	Azure		No	Yule
223	Aás		No	Yule
224	Aëtius		Person	Yule
225	Baatau		Person	Murray
226	Baba Buzurg		No	Yule
227	Baber		Location	Yule
228	Baboons		No	Yule
229	Babylon		Location	Yule
230	Babylonish garments		No	Yule
231	Baccanor		No	Yule
232	Bacon		No	Yule
233	Bacsi		No	Yule
234	Bactria		No	Yule
235	Bacu		Location	Yule
236	Badakhshan	Badashan	Location	Yule
237	Badascia 	Badakshan	Location	Murray
238	Badger		No	Yule
239	Badghís		No	Yule
240	Badruddín Lú-lú		No	Yule
241	Badáún		No	Yule
243	Baghdad	Baudas	Location	Yule
244	Bagratidae		No	Yule
245	BagrationMukransky		Person	Yule
246	Bahar		No	Yule
247	Bahrein		No	Yule
248	Bahrámábád		No	Yule
249	Bahránjird 		Location	Yule
250	Bahá-uddin Ayaz		No	Yule
251	Bahá-ul-hakh		Person	Yule
252	Bahárak		Location	Yule
253	Baiberdon		No	Yule
254	Baiburt	Paipurth	Location	Yule
255	Baidu Khan		Person	Yule
256	Bailo		No	Yule
257	Baiothony		Person	Murray
258	Bakhshi	Bacsi	No	Yule
259	Bakhtyáris of Luristán		No	Yule
260	Baksi		Person	Murray
261	Baku		Location	Murray,Yule
262	Balas rubies		No	Yule
263	BalaSagun		No	Yule
264	Baldac		Location	Yule
265	Baldach 	Bagdad	Location	Murray
266	Baldwin II		No	Yule
267	Bali		Location	Yule
268	Balk	Balkh	Location	Murray
269	Balkh	Balc	Location	Yule
270	Balkhash		Location	Yule
271	Ballads		No	Yule
272	Ballard		No	Yule
273	Balor		No	Yule
274	Balthazar		Person	Yule
275	Bamboo 		No	Yule
276	Bamian		No	Yule
277	Bamm		No	Yule
278	Bandar Abbás	BandarAbbási	No	Yule
279	Bandith		No	Yule
280	Bangala	Bengal	Location	Murray,Yule
281	Bangu	Eastern Siberia	Location	Murray
282	Banzaroff		No	Yule
283	Baptism		No	Yule
284	Bara		No	Yule
285	Barac 	Borrak	Person	Yule
286	Baradaeus		Person	Yule
287	Barbaro		No	Yule
288	Barbarossa		No	Yule
289	Barberino		No	Yule
290	Bardesir		No	Yule
291	Bardshír		No	Yule
292	Bargu	Barguchin Tugrum	No	Yule
293	Barguzinsk		No	Yule
294	Barin		Location	Yule
295	Bark		No	Yule
296	Barka	Barca	Person	Yule
297	Barka khan		Person	Murray
298	Barkul		No	Yule
299	Barlaam and Josaphat		No	Yule
300	Barley		No	Yule
301	Baroch		Location	Yule
302	Barons		Person	Murray,Yule
303	Barozzi		No	Yule
304	Barros		No	Yule
305	Barsauma	St. Barsamo	No	Yule
306	Barskul	Barscol	Location	Yule
307	Bartizan		No	Yule
308	Barus		No	Yule
309	Bascra 	Bussora	Location	Murray
310	Bashai	Pashai	No	Yule
311	Bashkirds		No	Yule
312	Bashpah		Person	Yule
313	Basma	Basmuls,Guasmuls	Person	Yule
314	Basra 	Bastra	No	Yule
315	Bathang		No	Yule
316	Baths		No	Yule
317	Batigala		No	Yule
318	Batochina		No	Yule
319	Bats		No	Yule
320	Battas of Sumatra		No	Yule
321	Batthala		No	Yule
322	Battles		No	Yule
323	Baudas		Location	Yule
324	Bavaria		Location	Yule
325	Bawárij		No	Yule
326	Bayam		Person	Murray
327	Bayan		Person	Yule
328	Bayan 	Baian	Person	Yule
329	Bayan Chingsian		Person	Yule
330	Bayezid Ilderim		Person	Yule
331	Bdellium		No	Yule
332	Beads		No	Yule
333	Bears		No	Yule
334	Beast and bird patterns		No	Yule
335	Beaten gold		No	Yule
336	Beaujeu		No	Yule
337	Beauty of  Georgians		No	Yule
338	Beds		No	Yule
339	Beef		No	Yule
340	Bejas of the Red Sea Coast		No	Yule
341	Belgutai		No	Yule
342	Bell at Cambaluc		No	Yule
343	Bellal Rajas		No	Yule
344	Belor 	Beloor	Location	Murray
345	Benares		No	Yule
346	Bendocquedar		No	Yule
347	Benedict XII		No	Yule
348	Bengal	Bangala	Location	Yule
349	Beni Búya dynasty		No	Yule
350	Benjamin of Tudela		No	Yule
351	Benzoin		No	Yule
352	Berard		No	Yule
353	Berbera		Location	Yule
354	Berchet		No	Yule
355	Bereké		Person	Yule
356	Bernier		No	Yule
357	Bettelar		No	Yule
358	Bezant		No	Yule
359	Bhamó		Location	Yule
360	Bhartpúr		No	Yule
361	Bhattis		No	Yule
362	Bháwalpúr		No	Yule
363	Biancos		No	Yule
364	Biar		No	Yule
365	Bibars Bundúkdári		No	Yule
366	Bielo Osero		No	Yule
367	Bilúchis		No	Yule
368	Binh Thuan	Champa	No	Yule
369	Binkin		No	Yule
370	Bintang	Pentam	No	Yule
371	Birch-bark vessels		No	Yule
372	Bird-hunts		No	Yule
373	Birdwood		No	Yule
374	Birhors of Chuta Nagpúr		No	Yule
375	Birthday		No	Yule
376	BirPandi		No	Yule
377	Bishbalik	Urumtsi	No	Yule
378	Bishop		No	Yule
379	Bitter bread		No	Yule
380	Blac		No	Yule
381	Black Crane	Kará Togorü	No	Yule
382	Blacker		No	Yule
383	Blaeuw		No	Yule
384	Blochmann		No	Yule
385	Block-books		No	Yule
386	Block-printing in Persia.		No	Yule
387	Blood-sucking		No	Yule
388	Boars tusks		No	Yule
389	Bode		No	Yule
390	Bodhisatva Avalok		No	Yule
391	Bodleian MS. of Polo		No	Yule
392	Boeach		No	Yule
393	Boemond		No	Yule
394	Boga	Buka	Person	Yule
395	Boghra Khan		Person	Yule
396	Bohea 		Location	Yule
397	Bohra		No	Yule
398	Boikoff		No	Yule
399	Bokhara		Location	Murray,Yule
400	Boleyn		No	Yule
401	Bolgana		No	Yule
402	Bolgarskoye	Uspenskoye	No	Yule
403	Bolghar	Bolgara	Location	Yule
404	Bolivar		No	Yule
405	Bolor		No	Yule
406	Bombay		No	Yule
407	Bonaparte		No	Yule
408	Bonga		No	Yule
409	Bonheur		No	Yule
410	Boni		Person	Murray
411	Boniface VIII		No	Yule
412	Bonin		No	Yule
413	Bonoccio di Mestro		No	Yule
414	Bonpos		No	Yule
415	Bonvalot		No	Yule
416	Bonús		No	Yule
417	Boodhism in Central Asia			Murray
418	Book of Marco Polo		No	Yule
419	Bore in Hang-chau Estuary		No	Yule
420	Bormans		No	Yule
421	Born		No	Yule
422	Borneo		No	Yule
423	Boro Bodor		No	Yule
424	Borrak		Person	Yule
425	Borùs		No	Yule
426	Bostam		No	Yule
427	Bouqueran		No	Yule
428	Bourne		No	Yule
429	Boxwood forests in Georgia		No	Yule
430	Bra		No	Yule
431	Bracelets		No	Yule
432	Bragadino		No	Yule
433	Brahmanical thread		No	Yule
434	Brahmans	Abraiaman	No	Yule
435	Brahmas temple		No	Yule
436	Brahuis		No	Yule
437	Brakhimof		No	Yule
438	Brambanan		No	Yule
439	Bran	Tibetan tsamba	No	Yule
440	Brazil wood		No	Yule
441	Bread		No	Yule
442	Brephung monastery		No	Yule
443	Bretschneider		No	Yule
444	Brichu	Brius	Location	Yule
445	Bridges of Pulisanghin		No	Yule
446	Brine-wells		No	Yule
447	British Museum		Location	Murray
450	Brown		No	Yule
451	Bruces Abyssinian Chronology		No	Yule
452	Brunetto Latinis Book		No	Yule
453	Brunhilda		No	Yule
454	Bruun		No	Yule
455	Bucephala		No	Yule
456	Bucephalus		No	Yule
457	Buckrams		No	Yule
458	Buddha		No	Yule
459	Buddhism		No	Yule
460	Buddhist Decalogue		No	Yule
461	Buffaloes in Anin		No	Yule
462	Buffet and vessels of Kúbláis table		No	Yule
463	Buka	Boga	Location	Yule
464	Buka Bosha		No	Yule
465	Bularguji	Bularguchi	No	Yule
466	Bulgaria		Location	Murray,Yule
467	Bulughán	Bolgana	Person	Yule
468	Bundúkdár		No	Yule
469	Bundúkdári		Person	Yule
470	Buraets		No	Yule
471	Burma	Ava	Location	Yule
472	Burnell		No	Yule
473	Burnes		Person	Murray
474	Burning the Dead		No	Yule
475	Burrough		No	Yule
476	Burton		No	Yule
477	Bushell		Person	Yule
478	Butchers		No	Yule
479	Butiflis	Mutfili	No	Yule
480	Butler		No	Yule
481	Buyid dynasty		No	Yule
482	Báb-ul-abwáh		No	Yule
483	Bálti		No	Yule
484	Bátú		Person	Yule
485	Bír-dhúl		No	Yule
486	Búkú Khan		Location	Yule
487	Búrkán Káldún		No	Yule
488	Ca-cian-fu 	Ho-kien-fou	Location	Murray
489	Caaju		Location	Yule
490	Cabs		Location	Yule
491	Cacanfu	Hokiang-fu	Location	Yule
492	Cachanfu	Puchau-fu	Location	Yule
493	Cachar Modun		No	Yule
494	Cachilpatnam		No	Yule
495	Caesalpinia		No	Yule
496	Caesarea of Cappadocia	Casaria Kaisaríya	No	Yule
497	Cai-gui	Qua-tcheou	Location	Murray
498	Caichu		Location	Yule
499	Caidu		Person	Yule
500	Caiju		No	Yule
501	Cail	Káyal	Location	Yule
502	Caindu	Kien-chang	Location	Yule
503	Caingan	Ciangan	No	Yule
504	Cairo		Location	Yule
505	Caiton		Location	Yule
506	Cala Ataperistan	Kala Atishparastán	Location	Yule
507	Calachan	Kalaján	No	Yule
508	Calacian		Location	Murray
509	Calaiate		Location	Yule
510	Calamanz		No	Yule
511	Calamina		Location	Yule
512	Calatu 	Kalhat	Location	Murray
513	Caldwell		No	Yule
514	Calendar		No	Yule
515	Cali	Kael	Location	Murray
516	Calicut		Location	Yule
517	Calif	Khalif^	Person	Yule
518	Caligine		No	Yule
519	Camabaia	Cambay	Location	Murray
520	Camadi	 Dakiánús	No	Yule
521	Camandu		Location	Murray
522	Cambaluc	Khanbaligh	Location	Yule
523	Cambay	Cambaet	Location	Yule
524	Cambuscan		No	Yule
525	Camel-bird		No	Yule
526	Camels		No	Yule
527	Camexu		No	Yule
528	Camlets	cammellotti	No	Yule
529	Camoens		No	Yule
530	Camphor  trees in Fo-kien	Laurus Camphora	No	Yule
531	Campichu	Kanchau	Location	Yule
533	Can-giu 	Kiang-chan-fui	Location	Murray
534	Canal		No	Yule
535	Canale		No	Yule
536	Cananor		Location	Yule
537	Cananore		No	Yule
538	Canara		No	Yule
539	Cancamum		No	Yule
540	Canes		No	Yule
541	Cannibalism		No	Yule
542	Cannibals		No	Yule
543	Canonical Hours		No	Yule
544	Canpicion 	Kan-tcheou	Location	Murray
545	Cansay	Kinsay	Location	Yule
546	Canton		No	Yule
547	Cape Comorin		No	Yule
548	Cappadocian horses		No	Yule
549	Capus		No	Yule
550	Caracoron	Kará Korum	Location	Yule
551	Caraian		Location	Murray
552	Carajan 	Caraian	Location	Yule
553	Caramoran River 	HwangHo	Location	Yule
554	Carans		No	Yule
555	Caraonas 	Karaunahs	Location	Yule
556	Carats		No	Yule
557	Cardinals Wit		No	Yule
558	Caribs		No	Yule
559	Carpets		No	Yule
560	Carpini		Person	Murray
561	Carriages		No	Yule
562	Carrion		No	Yule
563	Carts		No	Yule
564	Casan	Ghazan	Person	Murray,Yule
565	Casaria	Caesarea of Cappadocia	No	Yule
567	Cascar 	Cashgar,Kashgar	Location	Murray,Yule
568	Casem		Location	Yule
569	Caspian Sea 	Sea of Ghel,sea of Ghelan	Location	Yule
570	Cassay		Location	Yule
571	Cassia		No	Yule
572	Castaldi		No	Yule
573	Castambol		No	Yule
574	Castelli		No	Yule
575	Casvin	Kazvín	Location	Yule
576	Catalan Navy		No	Yule
577	Cathay	Kataia	Location	Murray,Yule
578	Catholics		No	Yule
579	Cators 	chakors	No	Yule
580	Cats in China		No	Yule
581	Cats Head Tablet		No	Yule
582	Caucasian Wall		No	Yule
583	Caugigu		No	Yule
584	Caulking		No	Yule
585	Cauly		No	Yule
586	Causeway		No	Yule
587	Cauterising childrens heads		No	Yule
588	Cave-houses		No	Yule
589	Cavo de Eli		No	Yule
590	Caya-fu		Location	Murray
591	Cayu (Kao-yu)		No	Yule
592	Ca Polo		No	Yule
593	Celtic Church		No	Yule
594	Census		No	Yule
595	Ceremonial of Mongol Court		No	Yule
597	Chachan	Charchan	No	Yule
598	Chagatai	Sigatay	Person	Yule
599	ChaghanKuren		No	Yule
600	ChaghanNor 	White Lake	No	Yule
601	Chaghán-Jáng		No	Yule
602	Chairs		No	Yule
603	Chalcedony and jasper		No	Yule
604	Chalukya Malla kings		No	Yule
605	Champa	Chamba	Location	Yule
606	Chandra Banu		No	Yule
608	Chang Kien		No	Yule
609	Chang Te-hui		No	Yule
610	Chang Yao		No	Yule
611	Chang-chau 	Chinginju	Location	Yule
612	Chang-shan	Chanshan	No	Yule
613	Chang-y	Chenchu	No	Yule
614	Changan		No	Yule
615	Changgan	Chang-ngan	No	Yule
616	Chaohien		No	Yule
617	Chaotong		No	Yule
618	Chapu		No	Yule
619	Characters		No	Yule
620	Charchan	Chachan of Johnson	No	Yule
621	Charcoal		No	Yule
622	Charities		No	Yule
623	Charlemagne		Person	Murray
624	Charles VIII		No	Yule
625	Chau dynasty		No	Yule
626	Chaucer		No	Yule
627	Chaul		No	Yule
628	Chaym	Kao-yeou	Location	Murray
629	Cheapness in China		No	Yule
630	Cheetas		No	Yule
631	Cheh-kiang		Location	Yule
632	Cheinan		Location	Yule
633	Chen-gui 	Yen-tcheou-fou	Location	Murray
634	Chenchau		No	Yule
635	Chenching	CochinChina	No	Yule
636	Chenchu	Chang-y	Person	Yule
637	Cheu		No	Yule
638	Chibai and Chiban		No	Yule
639	Chichiklik Pass		No	Yule
640	Chien-chang	Caindu	No	Yule
641	Chihli		Location	Yule
642	Chilaw		No	Yule
643	Chiliánwála		Location	Yule
644	Chilu-ku		Person	Yule
645	Chin		Location	Yule
646	China		Location	Murray,Yule
647	Chinangli	Tsinan-fu	No	Yule
648	Chinchau		No	Yule
649	Chinese		No	Yule
650	Chinese empire		Organization	Murray
651	Chinese navigation to India			Murray
652	Ching-hoang tower at Hangchau-fu		No	Yule
653	Chinghian-fu	Chinkiang-fu	No	Yule
654	Chinghiz Khan		Person	Yule
655	Chinghiz Tora		No	Yule
656	Chinginju 	Chang-chau	No	Yule
657	Chingintalas		Location	Yule
658	Chingkim		Person	Yule
659	Chingsang		No	Yule
660	Chingting-fu 	Acbaluc	No	Yule
661	Chingtsu		Person	Yule
662	Chinju	Tinju	No	Yule
663	Chinju 	Tinju	No	Yule
664	Chinuchi		Person	Yule
665	Chipangu	Japan	Location	Yule
666	Chisi 	Kishm	Location	Murray
667	Chitral		No	Yule
668	Cho-chau 	Juju	No	Yule
669	Chola		No	Yule
670	Chonka	Fo-kien	Location	Yule
671	Chonkwé		No	Yule
672	Chorcha		No	Yule
673	Christian		No	Yule
674	Christianity		No	Yule
675	Christians		No	Yule
676	Chronology and chronological data discussed		No	Yule
677	Chrysostom		No	Yule
678	Chuchu		No	Yule
679	Chughis		No	Yule
680	Chung-tu		Location	Yule
681	Chungkwé		Location	Yule
682	ChungKiang		No	Yule
683	Churches		No	Yule
684	Churchin		No	Yule
685	Chang Chun		Location	Yule
686	Chang Te 		No	Yule
687	Cheng-ting fu		No	Yule
688	Chêng-Tsu	Yung-lo	Person	Yule
689	Chêng-tu	Sze-chwan	No	Yule
690	Chêngtu-fu	Sindafu	No	Yule
691	Cháo Naiman Sumé Khotan		No	Yule
692	Ciagatai	Zagatai	Person	Murray
693	Cian-cian 	Kiu-tcheou	Location	Murray
694	Cian-gli 	Te-tcheou	Location	Murray
695	Cian-glu 	Tsan-tcheou	Location	Murray
696	Cianba 	Tsiompa	Location	Murray
697	Cianganor		Location	Murray
698	Ciarcian 	Karashehr	Location	Murray
699	Cielstan		Location	Yule
700	Cin-ghian-fu	Tchin-kiang-fou	Location	Murray
701	Cinnamon		No	Yule
702	Circumcision of Socotrans		No	Yule
703	Cirophanes		No	Yule
704	Civet		No	Yule
705	Clemenfu 	Tai-yuen-fou	Location	Murray
706	Clement IV		Person	Yule
707	Clement IV.		Person	Murray
708	Cloves		No	Yule
709	Coal 		No	Yule
710	Cobbler		No	Yule
711	Cobi	Shamo	Location	Murray
712	Cobinam 	Khubees	Location	Murray
713	Cobinan	KohBanán	No	Yule
714	Cocachin	Kúkáchin	Person	Yule
715	CochinChina		Location	Yule
716	Coco Islands		No	Yule
717	Coco-nut 		No	Yule
718	Cocos Islands		No	Yule
719	Coeur de Lion		No	Yule
720	Coffins		No	Yule
721	Cogachin	Hukaji	Person	Yule
722	Cogatai		Person	Yule
723	Cogatal		Person	Yule
724	Coiganju	Hwaingan-fu	No	Yule
725	Coilac		Location	Murray
726	Coilon		Location	Murray
727	Coilum	Kollam	Location	Yule
728	Coilumin		No	Yule
729	Coins of Cilician Armenia		No	Yule
730	Coja	Koja	Person	Yule
731	Cold		No	Yule
732	Coleridge		No	Yule
733	Coloman		Location	Yule
734	Colon		No	Yule
735	Colossal Buddhas		No	Yule
736	Columbum		No	Yule
737	Columbus		Person	Yule
738	Comania		Location	Yule
739	Comari		Comorin	Murray,Yule
740	Combermere		No	Yule
741	Compartments		No	Yule
742	Compass		No	Yule
743	Competitive Examinations in beauty		No	Yule
744	Conchi		Person	Yule
745	Conci		Person	Murray
746	Concubines		No	Yule
747	Condi-fu 	Tsi-nan-fou	Location	Murray
748	Condor		Location	Yule
749	Condur and Sondur		Location	Yule
750	Conia		No	Yule
751	Conjeveram		No	Yule
752	Conjurers		No	Yule
753	Conosalmi 	Kamasal	No	Yule
754	Constantinople		Location	Yule
755	Convents		No	Yule
756	Cookery		No	Yule
757	Cooper		No	Yule
758	Copper		No	Yule
759	Coral		No	Yule
760	Corea	Kauli	No	Yule
761	Cormos 	Ormus	Location	Murray
762	Corn		No	Yule
763	Coromandel	Maabar	No	Yule
764	Corsairs		No	Yule
765	Corte del Milione		No	Yule
766	Corvino		Person	Murray
767	Cosmography		No	Yule
769	Cotan 	Khoten	Location	Murray,Yule
770	Cotton		No	Yule
771	Counts in Vokhan		No	Yule
772	Couriers of the great khan			Murray
773	Courts of Justice		No	Yule
774	Cow-dung		No	Yule
775	Cowell		No	Yule
776	Cowries 		No	Yule
777	Cramoisy		No	Yule
778	Cranes		No	Yule
779	Crawford		No	Yule
780	Creman	Carmania	Location	Murray
781	Cremation		No	Yule
782	Cremesor		Location	Yule
783	Crocodiles		No	Yule
784	Cross		No	Yule
785	Crossbows		No	Yule
786	Cruelties		No	Yule
787	Crusca MS. of the Travels		Person	Murray
788	Cubeb pepper		No	Yule
789	Cubits		No	Yule
790	Cublay		Person	Yule
791	Cucintana		No	Yule
792	Cudgel		No	Yule
793	Cuiju	Kwei-chau	Location	Yule
794	Cuinet		No	Yule
795	Cuirbouly		No	Yule
796	Cuju		No	Yule
797	Cun-chin		Location	Murray
798	Cuncun 	HanChung	Location	Yule
799	Cunningham		Person	Yule
800	Cups		No	Yule
801	Curds and Curdistan		No	Yule
802	Currency		No	Yule
803	Current		No	Yule
804	Currents		No	Yule
805	Curtains		No	Yule
806	Curzola Island		Location	Yule
807	Curzon		No	Yule
808	Customs		No	Yule
809	Cutch pirates		No	Yule
810	Cuxstac		No	Yule
811	Cuy Khan	Kuyuk	Person	Yule
812	Cuyne	Kuynuk	Person	Murray
813	Cycle		No	Yule
814	Cyn-gui		Location	Murray
815	Cypresses		No	Yule
816	Cyprus		No	Yule
817	Cyrus		No	Yule
818	Da Gama		Person	Yule
819	Dabul		No	Yule
820	Dagroian		Location	Yule
821	Dailiu	Tali	No	Yule
822	Dakiánus		Location	Yule
823	Dalai Lama		Person	Yule
824	Dalivar		Location	Yule
825	Dalmian		No	Yule
826	Damas		No	Yule
827	Damascus		Location	Yule
828	Damasks		No	Yule
829	Damghan		No	Yule
830	Dancing dervishes		No	Yule
831	Dancing girls		No	Yule
832	Dandolo		Person	Murray,Yule
833	Dantapura		No	Yule
834	Dante		No	Yule
835	Darah		No	Yule
836	Dariel		No	Yule
837	Darius		Person	Yule
838	Dark Ocean of the South		No	Yule
839	Darkness		No	Yule
840	Darwaz		No	Yule
841	Darábjird		No	Yule
842	Darúná		No	Yule
843	Dasht		No	Yule
844	Dasht-i-Lut 	Tali	No	Yule
845	Dashtistan tribe and district		No	Yule
846	Dashtáb		No	Yule
847	Dates (chronology) in Polos book		No	Yule
848	Daughters of Marco Polo		No	Yule
849	David		Person	Yule
850	Davids		No	Yule
851	Davis		No	Yule
852	Dawaro		No	Yule
853	Daya		No	Yule
854	Daïtu		Location	Yule
855	De Barros		No	Yule
856	De Guignes			Murray
857	De la Croix		No	Yule
858	Dead		No	Yule
859	Debt		No	Yule
860	Decimal organisation of Tartar armies		No	Yule
861	Decius		Person	Yule
862	Degháns		No	Yule
863	Deh Bakri		No	Yule
864	Dehánah		Location	Yule
865	Delhi		Location	Yule
866	Demoiselle Crane		No	Yule
867	Deogir		No	Yule
868	Derbend		No	Yule
869	Deserts		No	Yule
870	Deserts of Kerman or of Lút		Location	Yule
871	Desgodins		No	Yule
872	Despina Khatun		No	Yule
873	Devadási		No	Yule
874	Devapattan		No	Yule
875	Devil trees		No	Yule
876	Devil-dancing		No	Yule
877	Devils		No	Yule
878	Devéria		No	Yule
879	Dhafar	Dofar	No	Yule
880	Dhúlkarnain		No	Yule
881	Dialects		No	Yule
882	Diamonds in India		No	Yule
883	Diláwar		No	Yule
884	Dimitri II		Person	Yule
885	Dinh Tiên-hwàng		Person	Yule
886	Dinár of Red Gold		No	Yule
887	Diocletian		No	Yule
888	Dir		Location	Yule
889	Dirakht-i-Fazl		No	Yule
890	Dirakht-i-Kush		No	Yule
891	DirhemKub		No	Yule
892	Diráwal		Location	Yule
893	Dish of Sakya or of Adam		No	Yule
894	Diu 		Location	Yule
895	DiulSind		No	Yule
896	Divination by twigs or arrows		No	Yule
897	Dixan		No	Yule
898	Dizabulus		No	Yule
899	Dizful River		lo0	Yule
900	Djaya		No	Yule
901	Doctors at Kinsay		No	Yule
902	Dofar		No	Yule
903	Dog-headed races		No	Yule
904	Dog-sledging in Far North		No	Yule
905	Dogana		No	Yule
906	Doghábah River		Location	Yule
907	Dogs			Murray,Yule
908	Dolfino		No	Yule
909	Dolonnúr		No	Yule
910	Dominican friars			Murray
911	Dominicans		No	Yule
912	Dor		Person	Murray
913	Dorah Pass		No	Yule
914	Doria		No	Yule
915	Dorjé		No	Yule
916	Douglas		No	Yule
917	Doyley		No	Yule
918	Dragoian	Ta-hua-Mien	Location	Yule
919	Drawers		No	Yule
920	Dreams		No	Yule
921	Drums		No	Yule
922	Du Bose		No	Yule
923	Du Halde's estimate of the revenues of China			Murray
924	Dua Khan		Person	Yule
925	Ducat		No	Yule
926	Dudley		No	Yule
927	Duel		No	Yule
928	Dufar	Dofar	Location	Murray
929	Dufour		No	Yule
930	Duhalde		No	Yule
931	Dukuz Khatun		No	Yule
932	Dulcarnon	Zulkarnain	No	Yule
933	Dulites		No	Yule
934	Dumas		No	Yule
935	Dumb trade		No	Yule
936	Duncan		No	Yule
937	Duplicates in geography		No	Yule
938	Durga Temple		No	Yule
939	Dursamand		No	Yule
940	Dust-storms		No	Yule
941	Duties		No	Yule
942	Dutthagamini		Person	Yule
943	Dwara Samudra		No	Yule
944	Dzegun-tala		No	Yule
945	Dzungaria		No	Yule
946	DAlboquerque		No	Yule
947	DAnghieria		No	Yule
948	DAnvilles Map		No	Yule
949	DAvezac		No	Yule
950	DEly		No	Yule
951	DEvreux		No	Yule
952	DOrléans		Person	Yule
953	Dárápur		No	Yule
954	Dínár		No	Yule
955	Dürers Map of Venice		No	Yule
956	Eagle mark on shoulder of Georgian kings		No	Yule
957	Eagle-wood		No	Yule
958	Eagles		No	Yule
959	Earth honoured		No	Yule
960	East		No	Yule
961	Ebony 		No	Yule
962	Edkins		No	Yule
963	Edward I		No	Yule
964	Edward II		No	Yule
965	Effeminacy		No	Yule
966	Eggs of Ruc and Aepyornis		No	Yule
968	Egrigaia 	Ninghia	Location	Murray,Yule
969	Eighurs		Location	Murray
970	Ela	cardamom	No	Yule
971	Elchidai		No	Yule
972	Elenovka		No	Yule
973	Elephantiasis		No	Yule
974	Elephants			Murray,Yule
975	Eli	Dely	Location	Murray,Yule
976	Elias		No	Yule
977	Elixir vitae of the Jogis		No	Yule
978	Elliot		No	Yule
979	Emad		No	Yule
980	Embroidery of silk at Kerman		No	Yule
981	Empoli		No	Yule
982	Enchanters		No	Yule
983	Enchantments		No	Yule
984	Engano Island		No	Yule
985	Engineering feat		No	Yule
986	Engineers		No	Yule
987	England		Location	Yule
988	English trade and character in Asia		No	Yule
989	Enlightenment		No	Yule
990	Erculin		No	Yule
991	Erdeni Tso	Erdenidsu	No	Yule
992	Eremites 	Rishis	No	Yule
993	Erginul		Location	Murray
994	Erguiul		Location	Yule
995	Erivan		No	Yule
996	Ermine		No	Yule
997	Erzinjan		Location	Yule
998	Erzrum	Arziron	No	Yule
999	Escier 	Shaher	Location	Murray
1000	Esher	Shehr	Location	Yule
1001	Essentemur	Isentimur	Person	Yule
1002	Etchmiadzin Monastery		No	Yule
1003	Ethiopia and India		No	Yule
1004	Ethiopian sheep		No	Yule
1005	Etiquette of the Mongol Court		No	Yule
1006	Etymologies		No	Yule
1007	Etzina		No	Yule
1008	Eunuchs		No	Yule
1009	Euphrates		Location	Murray,Yule
1010	Europeans			Murray
1011	Euxine		Location	Yule
1012	Evelyns /Diary/		No	Yule
1013	Execution of Princes of the Blood		No	Yule
1014	Eyircayá		No	Yule
1015	Ezina		Location	Murray
1016	Facen		No	Yule
1018	Faghfur	Facfur	Person	Murray,Yule
1019	Faizabad in Badakhshan		No	Yule
1020	Fakanúr		No	Yule
1021	Fakata		No	Yule
1022	Fakhruddin Ahmad		Person	Yule
1023	Falconers		No	Yule
1024	Falconry in China			Murray
1025	Falcons		No	Yule
1026	Famine		No	Yule
1027	Fan Wen-hu		No	Yule
1028	Fan-ching		No	Yule
1029	Fanchan Lake		Location	Yule
1030	Fandaraina		No	Yule
1031	Fansur		Location	Yule
1032	Fansuri camphor		No	Yule
1033	Fariab		No	Yule
1034	Faro of Constantinople		No	Yule
1035	Farriers		No	Yule
1036	Fars		No	Yule
1037	Fashiyah		No	Yule
1038	Fassa		No	Yule
1039	Fasting days		No	Yule
1040	Fattan		No	Yule
1041	Fatten		No	Yule
1042	Fausto		No	Yule
1043	Fazl		No	Yule
1044	Feili		No	Yule
1045	Female attendants on Chinese Emperors		No	Yule
1046	Ferlec		Location	Yule
1047	Fernandez		No	Yule
1048	Ferrier		No	Yule
1049	Festivals			Murray,Yule
1050	Fiag		Location	Yule
1051	Filial Piety in China		No	Yule
1052	Filippi		No	Yule
1053	Finn		No	Yule
1054	Fiordelisa		Person	Yule
1055	Firando Island		Location	Yule
1056	Firdús		Location	Yule
1057	Firdúsí		No	Yule
1058	Fire		No	Yule
1059	Fire worshippers (Guebres) in Persia		Person	Murray
1060	Fire-Pao		No	Yule
1061	Fire-baptism		No	Yule
1062	Fire-worship		No	Yule
1063	Firishta		No	Yule
1064	Fish miracle in Georgia		No	Yule
1065	Fish-oil		No	Yule
1066	Florin		No	Yule
1067	Flour	Sago	No	Yule
1068	Flückiger		No	Yule
1069	Fo-kien		Location	Murray,Yule
1070	Fog		No	Yule
1071	Folin 	Byzantine Empire	No	Yule
1072	Fondaco		No	Yule
1073	Foot-mark on Adams Peak		No	Yule
1074	Foot-posts in Cathay		No	Yule
1075	Forg		No	Yule
1076	Formosa		Location	Yule
1077	Forsyth		No	Yule
1078	Fortune		No	Yule
1079	Foundlings		No	Yule
1080	Four-horned sheep		No	Yule
1081	Fowls with hair		No	Yule
1082	Foxes		No	Yule
1083	Fozlán		No	Yule
1084	Fracastoro		No	Yule
1085	Frampton		Person	Murray
1086	Franciscan converts		No	Yule
1087	Francolin (darráj of the Persians		No	Yule
1088	Frankincense		No	Yule
1089	Frederic II		Person	Yule
1090	French		No	Yule
1091	French Expedition up the Kamboja River		No	Yule
1092	French Geographical Society			Murray
1093	French mission and missionaries in China		No	Yule
1094	Frenchmen		No	Yule
1095	Frere		No	Yule
1096	Froissart		No	Yule
1097	Fu-chau	Fo-kien	Location	Yule
1098	Fu-gui	Concha	Location	Murray
1099	Fuen ho 	Fen ho	Location	Yule
1100	Funeral rites		No	Yule
1101	Fungul		Location	Yule
1102	Furs		No	Yule
1103	Fusang		Location	Yule
1104	Fuyang		Location	Yule
1105	Fuzo		No	Yule
1106	Gabala		No	Yule
1107	Gagry		No	Yule
1108	Gaisue		No	Yule
1109	Galingale		No	Yule
1110	Galletti		No	Yule
1111	Galley-slaves not usual in Middle Ages		No	Yule
1112	Galleys of the Middle Ages		No	Yule
1113	Gambling		No	Yule
1114	Game		No	Yule
1115	Game Laws		No	Yule
1116	Gan-fu 	Ning-po	Location	Murray
1117	Gan-pu		No	Yule
1118	Ganapati Kings		No	Yule
1119	Gandar		Person	Yule
1120	Gandhára		No	Yule
1121	Ganfu		lo0	Yule
1122	Ganja		No	Yule
1123	Gantanpouhoa		Person	Yule
1124	Gantûr		No	Yule
1125	Gardenia		No	Yule
1126	Gardner		No	Yule
1127	Garmsir		No	Yule
1128	Garnier		No	Yule
1129	Garrisons		No	Yule
1130	Gat-pauls		No	Yule
1131	Gate of Iron		No	Yule
1132	Gates		No	Yule
1133	Gauenispola 		Location	Yule
1134	Gaui	Pariahs of Southern India		Murray
1135	Gaur		No	Yule
1136	Gauristan		No	Yule
1137	Gavraz villages		No	Yule
1138	Gazaria		No	Yule
1139	Gedrosi		No	Yule
1140	Gelath in Imeretia		No	Yule
1141	Genealogy of Polos		No	Yule
1142	Gengis		Person	Murray
1143	Genoa		Location	Yule
1144	Genoese		No	Yule
1145	Gentile Plural names converted into local singulars		No	Yule
1146	Geo-gui	Gin-gui,Tso-tcheou	Location	Murray
1147	Geographical Society of Paris			Murray
1148	Geographical Text of Polos Book constantly quoted		No	Yule
1149	George	Jirjis	Person	Yule
1150	Georgia		Location	Murray,Yule
1151	Gerfalcons	Shonkár	No	Yule
1152	Gerini		No	Yule
1153	German Follower of the Polos		No	Yule
1154	Ghaissuddin Balban 	Asedin Soldan	Person	Yule
1155	Ghel		Location	Yule
1156	Ghellé	Gílí	No	Yule
1157	Ghes		No	Yule
1158	Ghiuju		No	Yule
1159	Ghiyas ed-din		Person	Yule
1160	Ghori		Location	Yule
1161	Gháran 		Person	Yule
1163	Ghúr		No	Yule
1164	Giglioli		Person	Yule
1165	Gilgit		No	Yule
1166	Gill		Location	Yule
1167	Ginao		No	Yule
1168	Gindanes of Herodotus		No	Yule
1169	Ginger		No	Yule
1170	Ginghintalas 	Barkoul	Location	Murray
1171	Giraffes		No	Yule
1172	Girardo		No	Yule
1173	Girdkuh		No	Yule
1174	Girls		No	Yule
1175	Gittarchan		No	Yule
1176	Glaza	Ayas	No	Yule
1177	Gleemen and jugglers		No	Yule
1178	Goa		Location	Yule
1179	Gobernador		No	Yule
1180	Gog and Magog	Ung and Mungul	No	Yule
1181	Gogo		No	Yule
1182	Golconda		Location	Murray
1183	Golconda diamond mines		No	Yule
1184	Gold		No	Yule
1185	Gold and silver towers of Mien		No	Yule
1186	Gold dust in Tibet		No	Yule
1187	Golden King and Prester John		No	Yule
1188	Gomispola		No	Yule
1189	Gomushtapah		No	Yule
1190	Gomuti palm		No	Yule
1191	Gondophares		Person	Yule
1192	Gordons Ever Victorious Army		No	Yule
1193	Gordun Sháh		No	Yule
1194	Goriosan		No	Yule
1195	Goshawks		No	Yule
1196	Gothia	Crimean	No	Yule
1197	Govy		No	Yule
1198	Goza		No	Yule
1200	Goës		No	Yule
1201	Goître at Yarkand		No	Yule
1202	Grail		No	Yule
1203	Granaries		No	Yule
1204	Grapes in Shan-si		No	Yule
1205	Grass-cloths		No	Yule
1206	Grasso		No	Yule
1207	Great		No	Yule
1208	Great Bear	Meistre	No	Yule
1209	Great wall of China		Location	Murray
1210	Greece		No	Yule
1211	Greek fire		No	Yule
1212	Greeks		No	Yule
1213	Green		No	Yule
1214	Gregorieff		Person	Yule
1215	Gregory X		Person	Yule
1216	Gregory X.		Person	Murray
1217	Grenard		No	Yule
1218	Grioni		No	Yule
1219	Groat		No	Yule
1220	Groot		No	Yule
1221	Grote		No	Yule
1222	Grueber and Dorville		No	Yule
1223	Gryphon		No	Yule
1224	Guasmul	Basmul	No	Yule
1225	Guchluk		No	Yule
1226	Gudar 		No	Yule
1227	Gudran		No	Yule
1228	Guebers		No	Yule
1229	Guilds of craftsmen at Kinsay		No	Yule
1230	Guinea-fowl		No	Yule
1231	Guions		No	Yule
1232	Gujáh		Person	Yule
1233	GumishKhának		No	Yule
1234	Gunpowder		No	Yule
1235	Gurgan		Person	Yule
1236	GurKhan of Karacathay		No	Yule
1237	Gutturals		No	Yule
1238	Guzerat	Gozurat	Location	Murray,Yule
1239	Gíl		Location	Yule
1240	Göring		No	Yule
1241	Haast		No	Yule
1242	Habsh	Abash	Location	Yule
1243	Habíb-ullah of Khotan		No	Yule
1244	Hadhramaut 	Sessania Adrumetorum	No	Yule
1245	Hadiah		No	Yule
1246	Haffer		No	Yule
1247	Hai-nan		Location	Yule
1248	Hairy men in Sumatra		No	Yule
1249	Hajji Mahomed		No	Yule
1250	Hakeddin		No	Yule
1251	Half-breeds		Person	Yule
1252	Hamd Allah Mastaufi		No	Yule
1253	Hamilton		No	Yule
1254	HammerPurgstall on Marco Polo		No	Yule
1255	Hamza Pantsúri		No	Yule
1256	Hamza of Ispahan		No	Yule
1257	Hamúm Arabs		No	Yule
1258	Han Yu		No	Yule
1259	Han dynasty		No	Yule
1260	Han-chung	Cuncun	No	Yule
1261	Han-kau		No	Yule
1262	Hanbury		No	Yule
1263	Hang-chau fu		Location	Yule
1264	Hanjam		No	Yule
1265	Hansi		No	Yule
1266	Harhaura		No	Yule
1267	Harlez		No	Yule
1268	Harran		No	Yule
1269	Harshadeva		Person	Yule
1270	Harsuddi		No	Yule
1271	Haru		No	Yule
1272	Hashíshín		No	Yule
1273	Hasik		No	Yule
1274	Hassan		Person	Yule
1275	Hassán Kalá		No	Yule
1276	Hastings		No	Yule
1277	Hatan		No	Yule
1278	Haunted deserts		No	Yule
1279	Havret		No	Yule
1280	Hawks		No	Yule
1281	Hayton I.	Hethum	Person	Yule
1282	Hazbana		Person	Yule
1283	Hazáras		Location	Yule
1284	He-lung Kiang		No	Yule
1285	Heat		No	Yule
1286	Heaven		Location	Yule
1287	Hedin		No	Yule
1288	Hei-shui	Mongol Etsina)	Location	Yule
1289	Heibak		No	Yule
1290	Height		No	Yule
1291	Heikel		No	Yule
1292	Hel		No	Yule
1293	Helena		Person	Yule
1294	Helli		No	Yule
1295	Hemp of Kwei-chau		No	Yule
1296	Henry II		Person	Yule
1297	Henry III		Person	Yule
1298	Heraclius		No	Yule
1299	Herat		No	Yule
1300	Hereditary trades		No	Yule
1301	Hereford		No	Yule
1302	Hermenia		Location	Yule
1303	Hermits of Kashmir		No	Yule
1304	Herodotus		No	Yule
1305	Hethum		Location	Yule
1306	Hiai 	Kiai-chau,Caichu	No	Yule
1307	Hides		No	Yule
1308	Hili		Location	Yule
1309	Hill-people of Fo-kien		No	Yule
1310	Hinaur		No	Yule
1311	Hind		No	Yule
1312	Hindu character		No	Yule
1313	Hindus		No	Yule
1314	Hing-hwa		No	Yule
1315	Hippopotamus teeth		No	Yule
1316	Hips		No	Yule
1317	Hirth		No	Yule
1318	HiuanTsung		Person	Yule
1319	Hiuen Tsang		Person	Yule
1320	Ho-nhi		No	Yule
1321	Hoang-ho		Location	Murray
1322	Hochau		Location	Yule
1323	Hochung-fu	Cachanfu	Location	Yule
1324	Hodgson		No	Yule
1325	Hoernle		No	Yule
1326	Hojos		No	Yule
1327	Hokien-fu	Cacanfu	No	Yule
1328	Hokow		No	Yule
1329	Holcombe		Location	Yule
1330	Hollingworth		No	Yule
1331	Holy Sepulchre		No	Yule
1332	Homeritae		No	Yule
1333	Homi-cheu		No	Yule
1334	Hondius map		No	Yule
1335	Hooker		No	Yule
1336	Hoolaku		Person	Murray
1337	Horiad	Oirad	No	Yule
1338	Hormuz	Hormos	Location	Yule
1339	Hormuzdia		No	Yule
1340	Horns of Ovis Poli		No	Yule
1341	Horoscopes		No	Yule
1342	Horsburgh		Person	Murray
1343	Horse-posts and Post-houses		No	Yule
1344	Horse-stealing		No	Yule
1345	Horses		No	Yule
1346	Hosie		No	Yule
1347	Hospitals		No	Yule
1348	Hostelries		No	Yule
1349	Hot springs in Armenia		No	Yule
1350	Hounds		No	Yule
1351	Hours		No	Yule
1352	Hsi Hsia dynasty		No	Yule
1353	Hu-chau fu	Vuju	No	Yule
1354	Hui-hui		No	Yule
1355	Hukaji 	Hogáchi	Person	Yule
1356	Hukwan-hien		No	Yule
1357	Hullukluk		Location	Yule
1358	Human fat		No	Yule
1359	Humboldt		No	Yule
1360	Humáyún		Person	Yule
1361	Hun-ho	Sanghin 	Location	Yule
1362	Hundred Eyes		No	Yule
1363	Hung Hao		Person	Yule
1364	Hungary		Location	Yule
1365	Huns invade Europe			Murray
1366	Hunting equipment and Expedition		No	Yule
1367	Hunáwar	Onore	No	Yule
1368	Hutton		No	Yule
1369	Hwa-chau		No	Yule
1370	Hwai River		Location	Yule
1371	Hwai-lu		No	Yule
1372	Hwai-ngan-fu	Coiganju	No	Yule
1373	Hwan-ho		No	Yule
1374	Hwang-ho	Yellow River	Location	Yule
1375	Hyena		No	Yule
1376	Hyrcania		No	Yule
1378	Iabadiu		No	Yule
1379	Ibn Batuta 		Person	Yule
1380	Ibn Fozlán		No	Yule
1381	Ibn-al-Furát		No	Yule
1382	Ichin-hien		No	Yule
1383	Ichthyophagous cattle and people		No	Yule
1384	Icon Amlac		Person	Yule
1385	Iconium		Location	Murray,Yule
1386	Idolatry (Buddhism) and Idolaters		No	Yule
1387	Idols		No	Yule
1388	Ieu		No	Yule
1389	Ifat		No	Yule
1390	Ig		No	Yule
1391	Igba Zion		Person	Yule
1392	Ilchi		Location	Yule
1393	Ilchigadai Khan		Person	Yule
1394	Ilija		No	Yule
1395	Ilkhan		No	Yule
1396	Ilyáts		No	Yule
1397	Im Thurn		No	Yule
1398	Imáms of the Ismailites		No	Yule
1399	Incense		No	Yule
1400	India		Location	Yule
	India the Greater		Location	Yule
	India the Lesser		Location	Yule
	India the Middle		Location	Yule
1401	Indian drugs to prolong life		No	Yule
1402	Indies		No	Yule
1403	Indifference		No	Yule
1404	Indigo		No	Yule
1405	IndoChina		No	Yule
1406	Indragiri 		Location	Yule
1407	Infants		No	Yule
1408	Ingushes of Caucasus		No	Yule
1409	Innocent IV		No	Yule
1410	Innocent IV.		Person	Murray
1411	Inscription		No	Yule
1412	Insult		No	Yule
1413	Intramural interment prohibited		No	Yule
1414	Invulnerability		No	Yule
1415	Irghai		No	Yule
1416	Irish		No	Yule
1417	Iron		No	Yule
1418	Iron Gate	Derbend Pass	Location	Yule
1419	Irtish		lo0	Yule
1420	Isaac		Person	Yule
1421	Isabel		Person	Yule
1422	Isabeni		No	Yule
1423	Isentemur	Sentemur	Person	Yule
1424	Ish		No	Yule
1425	Ish-Káshm		No	Yule
1426	Iskandar		No	Yule
1427	Islands		No	Yule
1428	Islands of the Oriental Archipelago		Location	Murray
1429	Isle dOrleans		No	Yule
1430	Isle of Rubies	Ceylon	No	Yule
1431	Ismailites		No	Yule
1432	Ismalies	Assassins	Person	Murray
1433	Ismaïl		No	Yule
1434	Ispahan 	Istanit	No	Yule
1435	Israel in China		No	Yule
1436	Iteration		No	Yule
1437	Ivongo		No	Yule
1438	Ivory trade		No	Yule
1439	Izzuddin Muzaffar		Person	Yule
1440	Itsing		No	Yule
1441	Jacinth		No	Yule
1442	Jacobite Christians		No	Yule
1443	Jacobs		No	Yule
1444	Jade stone (jasper) of Khotan		No	Yule
1445	Jaeschke		No	Yule
1446	Jaffa		No	Yule
1447	Jaipál		No	Yule
1448	Jaláluddín of Khwarizm		No	Yule
1449	Jamaluddin		Person	Yule
1450	Jambi River		Location	Yule
1451	James of Aragon		Person	Yule
1452	Jamáluddín-al-Thaibi		Person	Yule
1453	Jamúi Khátún		Person	Yule
1454	Jangama sect		No	Yule
1455	Janibeg		Person	Yule
1456	Japan		Location	Murray,Yule
1457	Japanese paper-money		No	Yule
1458	Jaroslawl		No	Yule
1459	Jaspar 	Gaspar	Person	Yule
1460	Jasper and chalcedony		No	Yule
1461	Jatolic		No	Yule
1462	Jauchau		No	Yule
1463	Java		Location	Murray,Yule
	Java the Great		Location	Murray,Yule
	Java the Less		Location	Murray,Yule
	Java the Greater		Location	Murray,Yule
	Java the Lesser		Location	Murray,Yule
1464	Jawa		No	Yule
1465	JayaSinhavarman II		Person	Yule
1466	Jazirah		No	Yule
1467	Jaúzgún		Person	Yule
1468	Jehangír	Jehan	Person	Yule
1469	Jenkinson		No	Yule
1470	Jerusalem		Location	Yule
1471	Jerún 	Zarun	Location	Yule
1472	Jesuit maps		No	Yule
1473	Jesujabus		No	Yule
1474	Jews		No	Yule
1475	Jibal		No	Yule
1476	Jibal-ul-Thabúl		No	Yule
1477	Jiruft		No	Yule
1478	Jogis	Chughi	No	Yule
1479	John XXII		Person	Yule
1480	Johnson		Person	Yule
1481	Johnston		No	Yule
1482	Johore		Person	Yule
1483	Jomard			Murray
1484	Jon	Jihon	Location	Yule
1485	Jor-fattan	Baliapatan	No	Yule
1486	Jordanus		No	Yule
1487	Josephus		No	Yule
1488	Jubb		No	Yule
1489	Judi		No	Yule
1490	Jugglers		No	Yule
1491	Juggling extraordinary		No	Yule
1492	Juji		Person	Yule
1493	Juju	Cho-chau	No	Yule
1494	Julman		No	Yule
1495	Junghuhn		No	Yule
1496	Junks		No	Yule
1497	Jupár		No	Yule
1498	Justice		No	Yule
1499	Justinian		Person	Yule
1500	Juzgána		Location	Yule
1501	Juzgána 	Dogana	Location	Yule
1502	Jájnagar		No	Yule
1503	Jámisfulah	Gauenispola	No	Yule
1504	Kaan		Person	Yule
1505	Kaans		No	Yule
1506	Kabul		Location	Yule
1507	Kadapah		No	Yule
1508	Kafchi-kúe		No	Yule
1509	Kahn-i-Panchur		No	Yule
1510	Kaidu		Person	Murray
1511	Kaidu Khan	Caidu Khan	Person	Yule
1512	Kaifung-fu		Location	Yule
1513	Kaikhosru I. and III		No	Yule
1514	Kaikhátu	Kiacatu	Person	Yule
1515	Kaikus		No	Yule
1516	Kain-du		Location	Murray
1517	Kaipingfu 	Keibung	Location	Yule
1518	Kairat-ul-Arab		No	Yule
1519	Kais		No	Yule
1520	Kaisaríya	Caesaraea	No	Yule
1521	Kajjala		Person	Yule
1522	Kakateya		No	Yule
1523	Kakhyens		No	Yule
1524	Kakula		No	Yule
1525	Kalajan	Calachan	No	Yule
1526	Kalantan		No	Yule
1527	Kala Atishparastan	Cala Ataperistan	No	Yule
1528	Kala Safed		No	Yule
1529	Kalchi		No	Yule
1530	Kales Devar		Person	Yule
1531	Kalgan		Location	Yule
1532	Kalhát 	Kalhátú	Location	Yule
1533	Kalidása		No	Yule
1534	Kalinga		No	Yule
1535	Kalinjar		No	Yule
1536	Kalámúr		No	Yule
1537	Kamasal 	Conosalmi	No	Yule
1538	Kambala		Person	Yule
1539	Kambalu 	Pe-king	Location	Murray
1540	Kamboja	Chinla	No	Yule
1541	Kambáyat 	Cambay	Location	Yule
1542	Kampar		Location	Yule
1543	Kamul 	Khamil,Hamil,Camul	Location	Murray,Yule
1544	Kamál Malik		No	Yule
1545	Kamárah		No	Yule
1546	Kanauj		No	Yule
1547	Kanbalu Island		Location	Yule
1548	Kancháu 	Campichu	No	Yule
1549	Kandahár		Location	Yule
1550	Kandy		No	Yule
1551	Kanerkes		Location	Yule
1552	Kang-hi		Person	Yule
1553	Kangigu		Location	Murray
1554	Kank		No	Yule
1555	Kanpu	Ganpu	Location	Yule
1556	Kansan		No	Yule
1557	Kansuh		No	Yule
1558	Kanát-ul-Shám 	Conosalmi	No	Yule
1559	Kao Hoshang		No	Yule
1560	Kao-yu 	Cayu	No	Yule
1561	KaoTsung		Person	Yule
1562	Kapilavastu		No	Yule
1563	Kapukada		No	Yule
1564	Karakorum		Location	Murray,Yule
1565	Karamoran 	Hoang-ho	Location	Murray
1566	Karanút		No	Yule
1567	Karaunahs	Caraonas	Location	Yule
1568	Karazan		Location	Murray
1569	Karaún Jidun		No	Yule
1570	Kardandan		Location	Murray
1571	Karens		No	Yule
1572	Karmathian		No	Yule
1573	Karnúl		No	Yule
1574	Karra-Mánikpúr		No	Yule
1575	Karrah		No	Yule
1576	Kartazonon		No	Yule
1577	Kará Hulun		No	Yule
1578	Kará Khoja		No	Yule
1579	Karájáng 	Carajan	No	Yule
1580	Karákhitaian Empire		No	Yule
1581	Karákásh 	black jade	Location	Yule
1582	Karámúren	Caramoran	No	Yule
1583	Karáni	vulgo Cranny	No	Yule
1584	Kasaidi Arabs		No	Yule
1585	Kashan		No	Yule
1586	Kashmiris		No	Yule
1587	Kasia		No	Yule
1588	Kasyapa Buddha		No	Yule
1589	Kataghan		No	Yule
1590	Kataia		Location	Murray
1591	Katar pirates		No	Yule
1592	Katif		No	Yule
1593	Kattiawár		No	Yule
1594	Kaulam		No	Yule
1595	KaulamMalé		No	Yule
1596	Kauli	Cauly	No	Yule
1597	Kaunchi	Conchi	Location	Yule
1598	Kavváyi		No	Yule
1599	Kayten		No	Yule
1600	Kazan		No	Yule
1601	Kazbek		No	Yule
1602	Kazvín	Casvin	No	Yule
1603	Kazáwinah		No	Yule
1604	Kaïkobad I. and III		No	Yule
1605	Keary		No	Yule
1606	Kehran		No	Yule
1607	Keiaz tribe		No	Yule
1608	Keibung 	Kaipingfu	No	Yule
1609	Kelinfu	Kienning-fu	Location	Yule
1610	Kemenfu		Location	Yule
1611	Kenjanfu 	Si-ngan fu	Location	Yule
1612	Keraits		Location	Yule
1613	Kerala		Location	Yule
1614	Keria		Location	Yule
1615	Keriza River		Location	Yule
1616	Kermán		Location	Yule
1617	Kerulen  valley		Location	Yule
1618	Keshican	Keshikten	No	Yule
1619	Kesimur 	Cashmere	Location	Murray
1621	Kesmacoran 	Mekran	Location	Murray,Yule
1622	Keuyung Kwan		Location	Yule
1623	Khakán		No	Yule
1624	Khalif	Calif	Person	Yule
1625	Khambavati	Cambay	Location	Yule
1626	Khanabad 	Dogana	Location	Yule
1627	Khanfu		Location	Yule
1628	Khanikoff		Location	Yule
1629	Khanoolla		Location	Yule
1630	Khansâ		Location	Yule
1631	Kharesem		Location	Yule
1632	Khato-tribe		Location	Yule
1633	Khavailu	Hwo-lu hien	No	Yule
1634	Khazars		No	Yule
1635	Khilak		No	Yule
1636	Khimka		No	Yule
1637	Khinsa		Location	Yule
1638	Khitan		No	Yule
1639	Khmer		No	Yule
1640	Khodabanda		No	Yule
1641	Khojas		No	Yule
1642	Khorasan		No	Yule
1643	Khormuzda		No	Yule
1645	Khoten		Location	Murray
1646	Khumbavati	Cambay	No	Yule
1647	Khumdán		No	Yule
1648	Khusrú		Person	Yule
1649	Khutuktai Setzen		No	Yule
1650	Khwarizm		No	Yule
1651	Khán Bádshah of Khotan		Person	Yule
1652	Khánbalík		Location	Yule
1653	Khátún-gol		Location	Yule
1654	Kia Tsing		Person	Yule
1655	Kia-king		Person	Yule
1656	Kiacatu		No	Yule
1657	Kiahing	Ciangan	No	Yule
1658	Kiai  or Hiai-chau	Caichu	No	Yule
1659	Kiakhta		No	Yule
1660	Kiang		Location	Yule
1661	Kiang-mai		No	Yule
1662	Kiang-su		No	Yule
1663	Kiang-suy	Kiang-shui	No	Yule
1664	Kiangka		No	Yule
1665	Kiangshan		No	Yule
1666	Kiangsi		No	Yule
1667	Kiangtheu		No	Yule
1668	KiangChé		Location	Yule
1669	KiangHung		Location	Yule
1670	KiangTung		No	Yule
1671	Kiao-chi	Tungking	No	Yule
1672	Kiaproth			Murray
1673	Kichau Castle		No	Yule
1674	KiehCha		No	Yule
1675	Kien-chau		No	Yule
1676	Kien-kwé		No	Yule
1677	Kien-lung		Person	Yule
1678	Kien-ning fu	Kelinfu	No	Yule
1679	Kiepert		No	Yule
1680	Kiev		Location	Murray
1682	Kila-i-Gabr		Location	Yule
1683	Kilimanchi 		Location	Yule
1684	Kiming shan Mountains		Location	Yule
1685	Kin		No	Yule
1686	Kin-hwa fu		No	Yule
1687	Kin-sai	Quin-sai,Hang-tcheou-fou	Location	Murray
1688	Kin-sha Kiang		Location	Yule
1689	Kincha		Location	Yule
1690	King of the Abraiaman		No	Yule
1691	King-tê-chên		No	Yule
1692	Kings of Maabar		No	Yule
1693	Kingsmill		No	Yule
1694	Kinki		No	Yule
1695	Kinsay	King-szé	Location	Yule
1696	Kinshan		Location	Yule
1697	Kinto		Person	Yule
1698	KinChi		No	Yule
1699	Kipchak	Ponent	Location	Yule
1700	Kirghiz		Organization	Murray,Yule
1701	Kirghiz Kazak		No	Yule
1702	Kiria		No	Yule
1703	Kirk		Person	Yule
1704	Kis		Location	Yule
1705	Kishik		Location	Yule
1706	Kishm	Casem	Location	Yule
1707	Kistna		Location	Yule
1708	Kitubuka		Person	Yule
1709	Kiu-chau		No	Yule
1710	Kiulan	Quilon	Location	Yule
1711	Kizil 		Location	Yule
1712	Kizil Irmak		No	Yule
1713	Kneeling oxen		No	Yule
1714	Ko-li-ki-sze		No	Yule
1715	Kobad		No	Yule
1716	Kobdo		No	Yule
1717	Kogatai		Person	Murray
1718	KohBanán	Cobinan	Location	Yule
1719	Koi-gan-zu 	Hoai-ngan-fou	Location	Murray
1720	Koja	Coja	Person	Yule
1721	Kokcha 		Person	Yule
1722	Kolastri		No	Yule
1723	Kolkhoi of Ptolemy		No	Yule
1724	Kollam		Location	Yule
1725	Koloman		Location	Yule
1726	Kolyma		No	Yule
1727	Komár		No	Yule
1728	Kondachi		No	Yule
1729	Konkan		Location	Yule
1730	Konár tree		No	Yule
1731	Koresh king		Person	Yule
1732	Kosakio		Person	Yule
1733	Kosseir		No	Yule
1734	Kotcheres		No	Yule
1735	Kotlogh		Person	Yule
1736	Kotlogh Shah		Person	Yule
1737	Kotou			Murray
1738	Kotrobah 		Location	Yule
1739	Kouyunjik		No	Yule
1740	Kozlov		Person	Yule
1741	Ku-kwan		No	Yule
1742	Kuang-chou		Location	Yule
1744	Kublai Khan	Khan,khan,Cublay,Kublai	Person	Murray,Yule
1745	Kuché character		No	Yule
1746	Kuhistan		Location	Yule
1747	Kukin-Tána		No	Yule
1748	Kukju	Genkju	Person	Yule
1749	KukuKhotan	Blue Town	Location	Yule
1750	Kulasaikera		No	Yule
1751	Kuláb		No	Yule
1752	Kulán		Person	Yule
1753	Kumhari		No	Yule
1754	Kumiz		No	Yule
1755	Kummájar		No	Yule
1756	Kumár		No	Yule
1757	Kunduz		No	Yule
1758	KunduzBaghlán		No	Yule
1759	Kung-ki-cheng	Fei-cheng	No	Yule
1760	Kunguráts		Location	Yule
1761	Kuniyah 	Conia	No	Yule
1762	Kunlun		No	Yule
1763	Kurd dynasty		No	Yule
1764	Kurdistan	Curdistan	Location	Yule
1765	Kurds		Organization	Murray,Yule
1766	Kuria Maria Islands		No	Yule
1767	Kuridai		Person	Yule
1768	Kurmishi		No	Yule
1769	Kurshids of Lùristán		No	Yule
1770	Kus		No	Yule
1771	Kushluk		No	Yule
1772	Kutan		Person	Yule
1773	Kutchluk Khan	Buddhist	Person	Yule
1774	Kutuktemur		Person	Yule
1775	Kutulun		Person	Yule
1776	Kuwinji		No	Yule
1777	Kuyuk Khan		Person	Murray,Yule
1778	Kwa-chau	Caiju	No	Yule
1779	Kwan Hsien		No	Yule
1780	Kwansinfu		No	Yule
1781	Kwawa		No	Yule
1782	Kwei-chau	Cuiju	No	Yule
1783	Kwei-hwa-cheng		No	Yule
1784	Kweilei 		Location	Yule
1785	Kyung-sang 		Location	Yule
1786	Kien-chang		Location	Yule
1787	King-yüan	Ning-po	No	Yule
1788	Káfirs of Hindu Kush		No	Yule
1789	Káil		Location	Yule
1790	Kálikút		Location	Yule
1792	Káveri River		No	Yule
1793	Káveripattanam		No	Yule
1794	Káyal		Location	Yule
1795	Káïn	Gháín	Location	Yule
1796	Kúbenán	Cobinan	No	Yule
1797	Kúkachin		Location	Yule
1798	Kúnbúrn Monastery		No	Yule
1799	Kúreh-i-Ardeshír	Kuwáshír	No	Yule
1800	Lac	Wallachia	Location	Yule
1801	Ladies of Kinsay		No	Yule
1802	Ladies dresses in Badakhshan		No	Yule
1803	Lagong		No	Yule
1804	Lahore	Dalivar	Location	Yule
1805	Lahsa		No	Yule
1806	Laias 	Aias	Location	Murray
1807	Lake		No	Yule
1808	Laknaoti		No	Yule
1809	Lakshamana Deva		Person	Yule
1810	Lamas of Tibetan Buddhism		No	Yule
1811	Lambri		Location	Yule
1812	Lan Ki Hien	NanChe-hien	No	Yule
1813	Lan-tsang kiang	Mekong	Location	Yule
1814	Lances of Sago Palm		No	Yule
1815	Lanchang		Location	Yule
1816	Land of Darkness		No	Yule
1817	Langdarma		No	Yule
1818	Langting Balghasun		No	Yule
1819	Languages used in Mongol Court and administration		No	Yule
1820	Lanja Bálús		No	Yule
1821	Lanka	Ceylon	Location	Yule
1822	Lanner Falcons		No	Yule
1823	LanHo		No	Yule
1824	Laos		Location	Yule
1825	LaoKiun		Person	Yule
1826	Lar		Location	Murray,Yule
1827	Latin version of Polos Book		No	Yule
1828	Latins		No	Yule
1829	Latsé		No	Yule
1830	Lauredano		No	Yule
1831	Lawek		No	Yule
1832	Laxities of marriage customs		No	Yule
1833	Layard		Person	Yule
1834	Layas		Location	Yule
1835	Le Strange		No	Yule
1836	Leather		No	Yule
1837	Leaves		No	Yule
1838	Lecomte on Chinese war vessels		No	Yule
1839	Lembeser		No	Yule
1840	Lenzin		No	Yule
1841	Leon I		Person	Yule
1842	Leon II		Person	Yule
1843	Leon III		Person	Yule
1844	Leon VI		Person	Yule
1845	Leopards		No	Yule
1846	Lepechin		Person	Yule
1847	Leung Shan		Person	Yule
1848	Levant		Location	Yule
1849	Lew-sha		No	Yule
1850	Lewchew		No	Yule
1851	Lewis		No	Yule
1852	Lewis XI. and XII		Person	Yule
1853	Leyes		Location	Yule
1854	Lhása		Location	Yule
1855	Li Hien		Person	Yule
1856	Li Yuan-hao		Person	Yule
1857	Li-kiang fu		No	Yule
1858	Liampo	Ningpo	No	Yule
1859	Liang		No	Yule
1860	Liang-chau in Kansuh		No	Yule
1861	Liao dynasty		No	Yule
1862	Liao-tong		No	Yule
1863	Libanos		No	Yule
1864	Licinius		Person	Yule
1865	Lidé	Liti	No	Yule
1866	Lieuli Ho		No	Yule
1867	Lign-aloes 		No	Yule
1868	Ligor		No	Yule
1869	Lin-gui		Location	Murray
1870	Lin-ngan	Hang-chau	No	Yule
1871	Lin-ngan in Yun-nan		No	Yule
1872	Lin-tsing chau		No	Yule
1873	Lindley		No	Yule
1874	Lindsay		No	Yule
1875	Linju		No	Yule
1876	Lintching-y		No	Yule
1877	Lion and Sun		No	Yule
1878	Lions			Murray,Yule
1879	Lions Head Tablets		No	Yule
1880	Lisbon		No	Yule
1881	Lissu		Location	Yule
1882	Litai		Location	Yule
1883	Litan 		Person	Murray
1884	Lithang		No	Yule
1885	Little Orphan Rock		No	Yule
1886	Litán		No	Yule
1887	Liu Pang		Person	Yule
1888	Liu Pei	Luo Pé	No	Yule
1889	Livres of gold		No	Yule
1890	Lo		No	Yule
1891	Lob		No	Yule
1892	Locac		Location	Yule
1893	Lochac 	Camaboia	Location	Murray
1894	Lockhart		No	Yule
1895	Lolo tribes		No	Yule
1896	Longevity of Brahmins and Jogis		No	Yule
1897	Longfellow		No	Yule
1898	Lop		Location	Murray,Yule
1899	Lophaburi		No	Yule
1900	Loping		No	Yule
1902	Lord		No	Yule
1903	Louis		Person	Murray
1904	Loups cerviers 		No	Yule
1905	Low castes		No	Yule
1906	Lowatong 		Location	Yule
1907	Loyang		Location	Yule
1908	Lu-tzu 		Location	Yule
1909	Lubbies		No	Yule
1910	Lubán		No	Yule
1911	Lubán-Jáwi		No	Yule
1912	Lubán-Shehri		No	Yule
1913	Lucky and unlucky hours and days		No	Yule
1914	Luddur Deo		No	Yule
1915	Luh-ho-ta Pagoda		No	Yule
1916	LukonKiao	Hun-ho	Location	Yule
1917	Lukyn 		Location	Yule
1918	Lung-yin		No	Yule
1919	Lusignan		No	Yule
1920	Lynxes		No	Yule
1921	Lájwurd mines		No	Yule
1922	Löss		No	Yule
1923	Lúristan	Lor	Location	Yule
1924	Lút		Location	Yule
1925	Ma Twan-lin		No	Yule
1926	Ma-teu	Matu	No	Yule
1927	Maabar		Location	Murray
1928	Maaden		No	Yule
1929	Maatum		No	Yule
1930	Macartneys Map		No	Yule
1931	Macgregor		Person	Yule
1932	Maclagan		Person	Yule
1933	Madagascar		Location	Murray,Yule
1934	MadarDes		Location	Yule
1935	Madjgars		No	Yule
1936	Madras		Location	Yule
1937	Madura		Location	Yule
1938	Maestro		No	Yule
1939	Magadha		Location	Yule
1940	Magadoxo		Location	Yule
1941	Magapatana		Location	Yule
1942	Magi		No	Yule
1943	Magic		No	Yule
1944	Magical darkness 		No	Yule
1945	Magnet		No	Yule
1946	Magyars		No	Yule
1947	Mahar Amlàk		Person	Yule
1948	Mahavan		No	Yule
1949	Mahmudiah Canal		Location	Yule
1950	Mahmúd Kalháti		Person	Yule
1951	Mahmúd of Ghazni		Person	Yule
1952	Mahomed	Mahommet	Person	Yule
1953	Mahomedan revolts in China		No	Yule
1954	Mahomedans	Saracens	No	Yule
1955	Mailapúr		Location	Yule
1956	Mailla's translation of the Chinese History			Murray
1957	Maiman		No	Yule
1958	Maitreya Buddha		No	Yule
1959	Majapahit		Location	Yule
1960	Majar	Menjar	No	Yule
1961	Major		No	Yule
1962	Makdashan		Location	Yule
1964	Malacca		Location	Murray,Yule
1965	Malaiur		Location	Yule
1966	Malasgird		No	Yule
1967	Malay Peninsula		Location	Yule
1968	Malayo		No	Yule
1969	Malcolm		Person	Yule
1970	Maldive 		Location	Yule
1971	Male and Female		Location	Murray
1972	Male and Female 		Location	Yule
1973	Malifattan		No	Yule
1974	Malik al Dháhir		Person	Yule
1975	Malli		No	Yule
1976	Malpiero		No	Yule
1977	MalteBrun		No	Yule
1978	Malwa		No	Yule
1979	MalAmir		No	Yule
1980	Malé in Burma		No	Yule
1981	Mamaseni		No	Yule
1982	Mamre		No	Yule
1983	Man		No	Yule
1984	Manchu dynasty		No	Yule
1985	Mancopa		No	Yule
1986	Mandalé in Burma		No	Yule
1987	Mandarin language		No	Yule
1988	Mangalai		Person	Yule
1989	Mangalore		Person	Yule
1990	Mangalu		Person	Murray
1991	Mangla and Nebila 		Location	Yule
1992	Mangonels made by Polos for attack of Saianfu		No	Yule
1993	Mangou		Person	Murray
1994	Mangu	Mangkú	Person	Yule
1995	Mangu-Temur 	Mungultemur	Person	Yule
1996	Manji		Location	Murray,Yule
1997	Manjushri		Location	Yule
1998	Manjáník	Manjaniki	Person	Yule
1999	Manphul		No	Yule
2000	Mansur Shah		Person	Yule
2001	Mantzé		No	Yule
2002	Manuel		Person	Yule
2003	Manufactures		No	Yule
2004	Manuscripts of Polos Book		No	Yule
2005	Manzi	Facfur	Location	Yule
2006	Map		No	Yule
2007	Mapillas		No	Yule
2008	Maps		No	Yule
2009	Mar Sarghis		No	Yule
2010	Marabia		Location	Yule
2011	Marah Silu		No	Yule
2012	Marash		No	Yule
2013	Maratha		No	Yule
2014	Mardin	Merdin	No	Yule
2015	Mares milk		No	Yule
2016	Margaritone		No	Yule
2017	Marignolli		Person	Yule
2018	Market days		No	Yule
2019	Markets in Kinsay		No	Yule
2020	Marks of Silver		No	Yule
2021	Marriage customs in Khotan		No	Yule
2022	Marsden		Person	Murray
2023	Marsdens edition of Polo		No	Yule
2024	Martin		Person	Yule
2025	Martini		Person	Murray,Yule
2026	Martyrs		No	Yule
2027	Mashhad	Meshed	Location	Yule
2028	Mashiz		No	Yule
2029	Maskat		No	Yule
2030	Mastiff Dogs		No	Yule
2031	Mastiffs of Tibet		No	Yule
2032	Mastodon		No	Yule
2033	Masulipatam		Location	Murray,Yule
2034	Masud II		No	Yule
2035	Masudi		No	Yule
2036	Matchlocks		No	Yule
2037	Mati Dhivaja		No	Yule
2038	Matityna	Martinique	No	Yule
2039	Matitánana		No	Yule
2040	Maundevile		No	Yule
2041	Maung Maorong		Location	Yule
2042	Mauro		Location	Yule
2043	Mausul	Mosul	Location	Yule
2045	Mayers		No	Yule
2046	Mayhew		No	Yule
2047	Mazandéran		Location	Yule
2049	Medressehs at Sivas		No	Yule
2050	Mekhitar		No	Yule
2051	Mekong 	Lan-tsang kiang	Location	Yule
2052	Mekrán		No	Yule
2053	Mekránis		No	Yule
2054	Melchior		Person	Yule
2056	Melibar 	Malabar	Location	Murray,Yule
2057	Melic		No	Yule
2058	Melons		No	Yule
2059	Menangkabau		No	Yule
2060	Mendoza		No	Yule
2061	Menezes		No	Yule
2062	Mengki		Person	Yule
2063	Menjar 	Májar	No	Yule
2064	Menuvair and Grosvair		No	Yule
2065	Merghuz Boirúk Khan		Person	Yule
2066	Merkit 	Mecrit	No	Yule
2067	Meshid	Mashhad	No	Yule
2068	Messengers		No	Yule
2069	Mexico		No	Yule
2070	Meyer		Person	Yule
2071	Miafarakain		No	Yule
2072	Miau-tzu		No	Yule
2073	Mien		Location	Murray,Yule
2074	Mikado		No	Yule
2075	Military engines of the Middle Ages		No	Yule
2076	Milk		No	Yule
2077	Million		No	Yule
2078	Millione		No	Yule
2079	Millioni		No	Yule
2080	Milne		No	Yule
2081	Min 		Location	Yule
2082	Minao 		Location	Yule
2083	Mines and Minerals		No	Yule
2084	Minever		No	Yule
2085	Ming		No	Yule
2086	Ming-ti		Person	Yule
2087	Mingan		Person	Yule
2088	Minján		No	Yule
2089	Minotto		Person	Yule
2090	Mint		No	Yule
2091	Mintsing-hien		No	Yule
2092	Mious 		Location	Yule
2093	Miracle Stories		No	Yule
2094	Mirkhond		No	Yule
2095	Mirobolans		No	Yule
2096	Missionary Friars		No	Yule
2097	Moa of New Zealand		No	Yule
2098	Modhafferians		No	Yule
2099	Modun Khotan		Location	Yule
2100	Moghistan		No	Yule
2101	Mohammed		Person	Yule
2102	Mohammerah		No	Yule
2103	Mohiuddin		No	Yule
2104	Mokli		No	Yule
2105	Molayu		No	Yule
2106	Molebar		Location	Yule
2107	Molephatan		No	Yule
2108	Molière		No	Yule
2109	Moluccas		No	Yule
2110	Mombasa		Location	Yule
2111	Momein		No	Yule
2112	Monasteries of Idolaters (Buddhists)		No	Yule
2113	Money		No	Yule
2114	Money of the great khan			Murray
2115	Mongol Emperors		Person	Murray
2116	Mongol conquests		No	Yule
2117	Mongols		Organization	Murray
2118	Mongon Khan		Person	Yule
2119	Mongotay	Mangkutai	Person	Yule
2120	Monkeys		No	Yule
2121	Monks		No	Yule
2122	Monnier		Person	Yule
2123	Monoceros and Maiden		No	Yule
2124	Monophysitism		No	Yule
2125	Monsoons		No	Yule
2126	Monte dEly		No	Yule
2127	Montecorvino		No	Yule
2128	Montgomerie		No	Yule
2129	Monument at Si-ngan fu		No	Yule
2130	Moon		No	Yule
2131	Moore		No	Yule
2132	Moplas		No	Yule
2133	Morgan		No	Yule
2134	Mortagne		No	Yule
2135	Moscow		Location	Yule
2136	Mosolin		No	Yule
2137	Mossos		Location	Yule
2138	Mostasim Billah		Person	Yule
2141	Motapallé		Location	Yule
2142	Motawakkil		Person	Yule
2143	Moule		Person	Yule
2144	Mount		No	Yule
2145	Mountain		No	Yule
2146	Mourning customs		No	Yule
2147	Mozambique Channel		No	Yule
2148	Muang		Location	Yule
2149	Mulberry Trees		No	Yule
2150	Multan		Person	Yule
2151	MulJava		No	Yule
2152	Muláhidah	Mulehet	No	Yule
2153	Mungasht		No	Yule
2154	Mungul		Location	Yule
2155	MungulTemur	MongoTemur	Person	Yule
2156	Murad Beg		No	Yule
2157	Murghab 		Location	Yule
2158	Murray		Person	Yule
2159	Murus Ussu 		Location	Yule
2160	Mus		Location	Yule
2161	Musaúd		Person	Yule
2162	Musk			Murray,Yule
2163	Muslin		No	Yule
2164	Mutfili 		Location	Yule
2165	Muza		No	Yule
2166	Mynibar		No	Yule
2167	Mysore		Location	Yule
2168	Mystic number		No	Yule
2169	Máchin		Location	Yule
2170	Mádái		No	Yule
2171	Mán		No	Yule
2172	Mâramangalam		Location	Yule
2173	Mätzner		No	Yule
2174	Mírat		No	Yule
2175	Müller		Person	Yule
2176	Nac		No	Yule
2177	Nakkára	Naccara	No	Yule
2178	Nakkára 		No	Yule
2179	Nalanda		No	Yule
2180	Nan-ghin 	Nan-King	Location	Murray
2181	Nancouri		No	Yule
2182	Nanghin	Ngan-king	No	Yule
2183	Nangiass		Location	Yule
2184	Nankau		No	Yule
2185	Nanking		No	Yule
2186	Nanwuli		No	Yule
2187	NanChao		No	Yule
2188	Naobanján		No	Yule
2189	Naoshirwan		No	Yule
2190	Naphtha in the Caucasian country		No	Yule
2191	Napier		Person	Yule
2192	Napoleon III		Person	Yule
2193	NarikelaDvipa		No	Yule
2194	NarinKaleh		Location	Yule
2195	Narkandam		Location	Yule
2196	Narsinga		Person	Yule
2197	Narwhal tusk		No	Yule
2198	Nasich		No	Yule
2199	Nasruddin	Nescradin	Person	Yule
2200	Nassir-uddin		Person	Yule
2201	Natigay		Person	Yule
2202	Navapa 		No	Yule
2203	NavaKhanda		No	Yule
2204	Naversa		No	Yule
2205	Nayan		Person	Murray,Yule
2206	Nebila and Mangla 		Location	Yule
2207	Nebuchadnezzar		No	Yule
2208	Necklaces		No	Yule
2209	Necuveran	Nicobar		Murray,Yule
2210	Negapatam		Location	Yule
2211	Negroes described		No	Yule
2212	Negropont		No	Yule
2213	Nellore		No	Yule
2214	Nemej		No	Yule
2215	Nerghi		Location	Yule
2216	Nescardin		Person	Murray
2217	Nescradin		Person	Yule
2218	Nestorian Christians		No	Yule
2219	Nestorian Christians and Jacobites			Murray
2220	Nestorius		Person	Yule
2221	Nevergún Pass		No	Yule
2222	New Year Festival at Kúbláis Court		No	Yule
2223	Neza Tash Pass		No	Yule
2224	Ngan-king	Nanghin	No	Yule
2225	Ngan-ning-ho 		Location	Yule
2226	Ngantung		Person	Yule
2227	Ngo-ning		No	Yule
2228	Nia	ancient Ni-jang	Location	Yule
2229	Nias 		Location	Yule
2230	Nibong Palm		No	Yule
2231	Nicaea of Alexander		No	Yule
2232	Nicholson		Person	Yule
2233	Nicobar	Necuveran	Location	Yule
2234	Nicolas		Person	Yule
2235	Nicolas IV		Person	Yule
2236	Nicolas of Pistoia		No	Yule
2237	Nieuhoff		No	Yule
2238	Nigudar	Nogodar	Person	Murray,Yule
2239	Nigudarian bands		No	Yule
2240	Nilawár	Nellore	Location	Yule
2241	Nile		No	Yule
2242	Nileshwaram		No	Yule
2243	Nine		No	Yule
2244	Nine Provinces 		No	Yule
2245	Ning-hsia		No	Yule
2246	Ning-yuan fu		No	Yule
2247	Ningpo		No	Yule
2248	Niriz		No	Yule
2249	Nirvana		No	Yule
2250	Nishapúr		No	Yule
2251	Niuché	Yuché	No	Yule
2252	Noahs Ark in Armenia		No	Yule
2253	Nobles of Venice		No	Yule
2254	Nochdarizari		Location	Yule
2255	Nogai Khan		Person	Yule
2257	Nomad tribes of Persia		No	Yule
2258	Nomogan	Numughan	Person	Yule
2259	None		No	Yule
2260	North		No	Yule
2261	North Star		No	Yule
2262	Note Book		No	Yule
2263	Novgorod		No	Yule
2264	Nubia		Location	Yule
2265	Nukdaris		No	Yule
2266	Nuksán Pass		No	Yule
2267	Numbers		No	Yule
2268	NusiIbrahim		No	Yule
2269	Nutmegs		No	Yule
2270	Nyuché		No	Yule
2271	Oak of Hebron		No	Yule
2272	Oaracta	Kishm	No	Yule
2273	Obedience of Ismaelites		No	Yule
2274	Obi 		Location	Yule
2275	Observatory at Peking		No	Yule
2276	Ocean Sea		Location	Yule
2277	Ocoloro Island		Location	Yule
2278	Odoric		No	Yule
2279	Oger		No	Yule
2280	Ogotai Khan		Person	Yule
2281	Oil from the Holy Sepulchre		No	Yule
2282	Oirad		Location	Yule
2283	Okkodai Khan		Person	Yule
2284	Okkoday Khan		Person	Murray
2285	Olak		No	Yule
2286	Old Man of the Mountain		Person	Murray,Yule
2287	Oljaïtu Khan		Person	Yule
2288	Oman		Location	Yule
2289	Omens		No	Yule
2290	Onan Kerule		Location	Yule
2291	Ondanique		No	Yule
2292	Oppert		Person	Yule
2293	Orang Gugu		No	Yule
2294	Orang Malayu		Location	Yule
2295	Orang Malayu 		Location	Yule
2296	Orbelian		Person	Yule
2297	Ordos		No	Yule
2298	Organa		No	Yule
2299	Oriental phrases in Polos dictation		No	Yule
2300	Orissa		Location	Yule
2301	Orkhon 		Location	Yule
2302	Orleans		No	Yule
2303	Oroech		No	Yule
2304	Ostriches		No	Yule
2305	Ostyaks		No	Yule
2306	Otto		Person	Yule
2307	Ouang Khan		Person	Murray
2308	Oulatay	Uladai	Person	Yule
2309	Oulatay 		Person	Yule
2310	Owen		Person	Yule
2311	Oxen		No	Yule
2312	Oxenham		No	Yule
2313	Oxus		Location	Yule
2314	Oxus river		Location	Murray
2315	Oxydracae		No	Yule
2316	Pa-yi writing		No	Yule
2317	Pacamuria 	Baccanor	Location	Yule
2318	Pacauta		No	Yule
2319	Pacem		No	Yule
2320	Paddle-wheel barges		No	Yule
2321	Paderin		Person	Yule
2322	Padma Sambhava		No	Yule
2323	Pagaroyang		No	Yule
2324	Paggi 		Location	Yule
2325	Pagodas		Location	Yule
2326	Pagán		Location	Yule
2327	Pahang		No	Yule
2328	Pai-yen-ching		No	Yule
2329	Paipurth	Baiburt	No	Yule
2330	Pakwiha		No	Yule
2331	Palace of Khan at Chagannor		No	Yule
2332	Palembang		No	Yule
2333	Palladius		No	Yule
2334	Palm		No	Yule
2335	Palm Wine		No	Yule
2336	Pamier	Pamir	Location	Murray,Yule
2338	Pandarani		No	Yule
2339	Pandit Manphul		Person	Yule
2340	Pandrethan in Kashmir		No	Yule
2341	Pandyan kings		No	Yule
2342	Panja 	Upper Oxus	Location	Yule
2343	Panjkora		No	Yule
2344	Panjshir		No	Yule
2345	Panjáb		Location	Yule
2346	Pantaleon		No	Yule
2347	Panthé		Location	Yule
2348	Panya 	Pengya	Location	Yule
2349	PanAsiatic usages		No	Yule
2350	Pao-ki hien		No	Yule
2351	Paonano Pao		No	Yule
2352	Paper-money		No	Yule
2353	Papien 		Location	Yule
2354	Papé		No	Yule
2355	Paquier		Person	Yule
2356	Paradise		No	Yule
2357	Paramisura		Person	Yule
2358	Paravas		No	Yule
2359	Parez		No	Yule
2360	Pariahs 	Paraiyar	No	Yule
2361	Parker		No	Yule
2362	Parliament		No	Yule
2363	Parlák		No	Yule
2364	Parpa iron mines		No	Yule
2365	Parris		Person	Murray
2366	Parrot		No	Yule
2367	Parrots		No	Yule
2368	Partridges		No	Yule
2369	Parwana		No	Yule
2370	Paryán silver mines		No	Yule
2371	Parákráma Bahu I		No	Yule
2372	Pascal of Vittoria		No	Yule
2373	Pascia 	Peshawer	Location	Murray
2374	Pasei		Location	Yule
2375	Pasha and Pashagar tribes		Location	Yule
2376	Pashai		Location	Yule
2377	PashaAfroz		No	Yule
2378	Passo 		No	Yule
2379	Patarins		No	Yule
2380	Patlam		No	Yule
2381	Patriarchs of Eastern Christians		No	Yule
2382	PatteikKará		No	Yule
2383	Patterns		No	Yule
2384	Patu		Person	Yule
2385	Pau-chym 	Pao-yug-shien	Location	Murray
2386	Paukin	Pao-ying	No	Yule
2387	Pauthier		No	Yule
2388	Paved roads in China		No	Yule
2389	Payan		No	Yule
2390	Payangadi		No	Yule
2391	Paï		Location	Yule
2392	Pe-king		Location	Murray
2393	Peaches		No	Yule
2394	Peacocks at St. Thomass		No	Yule
2395	Pearls		No	Yule
2396	Pears		No	Yule
2397	Pedir		No	Yule
2398	Pedro		Person	Yule
2399	Pegu and Bengal confounded		No	Yule
2400	Pei-chau	Piju	Location	Yule
2402	Pein 	Bai,Pim	Location	Murray,Yule
2403	Peking		Location	Yule
2404	Pelly		No	Yule
2405	Pema-ching		No	Yule
2406	Pemberton		Person	Yule
2408	Pentam 	Bintang	Location	Murray,Yule
2409	Pepper		No	Yule
2410	Pepper Country		No	Yule
2411	Peregrine falcons		No	Yule
2412	Perla	Ferlec	Location	Yule
2413	Persia		Location	Murray,Yule
2414	Persia and India		No	Yule
2415	Persian Gulf 		Location	Yule
2416	Persian applied to language of foreigners at Mongol Court		No	Yule
2417	Pesháwar		Location	Yule
2418	Peter		No	Yule
2419	Pharaohs rats	Gerboa	No	Yule
2420	Phayre		Person	Yule
2421	Pheasants		No	Yule
2422	Pheng	the Rukh	No	Yule
2423	Philip III. and IV. of France		No	Yule
2424	Philip the Fair		No	Yule
2425	Philippine 		Location	Yule
2426	Phillips		Person	Yule
2427	Phipps		Person	Yule
2428	Phra Râma		No	Yule
2429	Phungan		Location	Yule
2430	Physician		No	Yule
2431	Physicians		No	Yule
2432	Pi-an-fu	Pin-yang-fou	Location	Murray
2433	Pianfu	Ping-yang fu	Location	Yule
2434	Pianfu 		Location	Yule
2435	Pichalok		No	Yule
2436	Pievtsov		Person	Yule
2437	Pig-shells		No	Yule
2438	Pigeon posts		No	Yule
2439	Piju	Pei-chau	Location	Yule
2440	Pilgrimage		No	Yule
2441	Pima	Pim	No	Yule
2442	Pin-gui 	Pi-tcheou	Location	Murray
2443	Pinati		Person	Yule
2444	Pine woods in Mongolian desert		No	Yule
2445	PinnaCael	Punnei-Káyal	No	Yule
2446	Pipino		Person	Murray,Yule
2447	Pirabandi or Bir Pandi	Vira Pandi	No	Yule
2448	Pirada		No	Yule
2449	Pirates of Malabar		No	Yule
2450	Piratical customs at Eli		No	Yule
2451	Pistachioes		No	Yule
2452	Plane		No	Yule
2453	Plano Carpini		No	Yule
2454	Po-sz	Persia	No	Yule
2455	Pog		Location	Yule
2456	Poison		No	Yule
2457	Poison wind		No	Yule
2458	Poisoning guests		No	Yule
2459	Poisonous pasturage		No	Yule
2460	Poland		Location	Yule
2461	Pole		No	Yule
2462	Pole-star		No	Yule
2463	Police		No	Yule
2464	Politeness of Chinese		No	Yule
2465	Polo	Marco Polo,Nicolo Polo,Maffio Polo	Person	Murray,Yule
2466	Polygamy		No	Yule
2467	Ponent		No	Yule
2468	Pong		No	Yule
2469	Poods		No	Yule
2470	Pope of Rome		Person	Murray
2471	Popinjays		No	Yule
2472	Population		No	Yule
2473	Porcelain manufacture		No	Yule
2474	Porcupines		No	Yule
2475	Pork		No	Yule
2476	Posts		No	Yule
2477	Potala at Lhasa		No	Yule
2478	Pottinger		No	Yule
2479	Poultry		No	Yule
2480	Pound		No	Yule
2481	Pozdneiev		Person	Yule
2482	Precious stones or gems		No	Yule
2483	Prester John		Person	Murray,Yule
2484	Prices of horses		No	Yule
2485	Printing		No	Yule
2486	Private names supposed		No	Yule
2487	Prjevalsky		Person	Yule
2488	Probation of Jogis		No	Yule
2489	Prophecy regarding Bayan		No	Yule
2490	Prostitutes		No	Yule
2491	Provinces		No	Yule
2492	PseudoCallisthenes		No	Yule
2493	Ptolemies trained African elephants		No	Yule
2494	Ptolemy		No	Yule
2495	Pu-cheng		No	Yule
2496	Puer and Esmok		No	Yule
2497	Pukan MienWang		No	Yule
2498	Pulad Chingsang		No	Yule
2499	Pulisangan		Location	Murray
2500	Pulisanghin		Location	Yule
2501	Pulo Bras		No	Yule
2502	Pulo Nankai		No	Yule
2503	Pulo Wé		No	Yule
2504	Punnei-Káyal		No	Yule
2505	Purchas in his Pilgrims uses Ramusio's edition of Marco Polo's Travels			Murray
2506	Puránas		No	Yule
2507	Putchok		No	Yule
2508	Putu-ho		No	Yule
2509	Pygmies		No	Yule
2510	Ping-chang		Person	Yule
2511	Ping-yang fu	Pianfu	No	Yule
2512	Po-yang 		Location	Yule
2513	Pu-chau fu		No	Yule
2514	Pádishah Khátún of Kerman		No	Yule
2515	Qalah Asgher		No	Yule
2516	Qara Ars-lán Beg		Person	Yule
2517	Quails in India		No	Yule
2518	Que-lin-fu 	Kien-ning-fou	Location	Murray
2519	Queen of Mutfili		No	Yule
2520	Quen-gian-fu 	Si-ngan-fou	Location	Murray
2521	Quicksilver and sulphur potion		No	Yule
2522	Quills of the Ruc		No	Yule
2523	Quilon		Location	Yule
2524	Quin-sai		Location	Murray
2525	Qumadin	Camadi	Location	Yule
2526	Rabbanta		Person	Yule
2527	Rabelais		No	Yule
2528	Radloff		Person	Yule
2529	Rain-makers		No	Yule
2530	Rainald		No	Yule
2531	Rainy season		No	Yule
2532	Rajkot 		Location	Yule
2533	Rakka		No	Yule
2534	Rama Kamheng		Person	Yule
2535	Rameshwaram		Location	Yule
2536	Ramnad		No	Yule
2537	Rampart of Gog and Magog		No	Yule
2538	Ramusio		Person	Yule
2539	Ramusio's collection of Voyages and Travels			Murray
2540	Ranking		No	Yule
2541	RaonanoRao		No	Yule
2542	Rapson		No	Yule
2543	Ras Haili		No	Yule
2544	Rashíduddín		Person	Yule
2545	Ravenala tree		No	Yule
2546	Raw meat eaten		No	Yule
2547	Rawlinson		Person	Yule
2548	Reclus		No	Yule
2549	Red Sea		Location	Yule
2550	Red gold and red Tangas		No	Yule
2551	Red sect of Lamas		No	Yule
2552	Refraction		No	Yule
2553	Regains his liberty		Person	Murray
2554	Reindeer ridden		No	Yule
2555	Religion		No	Yule
2556	Remission of taxation by Kúblái		No	Yule
2557	Rennell		No	Yule
2558	Reobarle		Location	Murray
2559	Reobarles	Rúdbár	Location	Yule
2560	Revenue of Kinsay		No	Yule
2561	Rhinoceros 		No	Yule
2562	Rhinoceros of Sumatra			Murray
2563	Rhins		No	Yule
2564	Rhubarb		No	Yule
2565	Riant		No	Yule
2566	Ricci		No	Yule
2567	Rice		No	Yule
2568	Rice-wine		No	Yule
2569	Richard II		Person	Yule
2570	Richthofen		No	Yule
2571	Right and Left		No	Yule
2572	Rio Marabia		Location	Yule
2573	Roads radiating from Cambaluc		No	Yule
2574	Robbers in Persia		No	Yule
2575	Robbers River		Location	Yule
2576	Robes distributed by Kúblái		No	Yule
2577	Roborovsky		Person	Yule
2578	Rochefort		No	Yule
2579	Rockets		No	Yule
2580	Rockhill		No	Yule
2581	Rofia palm		No	Yule
2582	Rome		Location	Yule
2583	RoriBakkar		No	Yule
2584	Rosaries		No	Yule
2585	Rostof and Susdal		No	Yule
2586	Roth		No	Yule
2587	Rouble		No	Yule
2588	Roxana		Person	Yule
2589	Roze de lAçur		No	Yule
2590	Rubies		No	Yule
2591	Rubruquis		Person	Murray,Yule
2592	Ruby mines in Badakhshan		No	Yule
2593	Ruc	Rukh	No	Yule
2594	Rudder		No	Yule
2595	Rudra Deva		Person	Yule
2596	Rudrama Devi		Person	Yule
2597	Rukh		Person	Yule
2598	Rukhnuddin		Person	Yule
2599	Runiz		No	Yule
2600	RuomedamAhomet		Person	Yule
2601	Rupen		No	Yule
2602	Rupert		Person	Yule
2603	Russia			Murray,Yule
2604	Russians		No	Yule
2605	Rusticiano of Pisa		Person	Yule
2606	Rusticians		Person	Murray
2607	Rusták		No	Yule
2608	Ruyschs map		No	Yule
2609	Ráin		No	Yule
2610	Ráná Paramitás Woman Country		No	Yule
2611	Rúdbár-i-Lass		Location	Yule
2612	Rúdkhánah-i-Duzdi	Robbers River	Location	Yule
2613	Rúdkhánah-i-Shor	Salt River	Location	Yule
2614	Rúm		No	Yule
2615	Rüppells Table of Abyssinian kings		No	Yule
2616	Sa-van-fu 	Siang-yang-fou	Location	Murray
2617	Saadi		No	Yule
2618	Saba	Sava,Savah	Location	Murray,Yule
2619	Sabaste		Location	Yule
2620	Sable		No	Yule
2621	Sabreddin		No	Yule
2622	Sabzawur		No	Yule
2624	Sacchion 	Cha-tcheou	Location	Murray
2625	Sachiu	Sha-chau	No	Yule
2626	Sacrifices of people of Tangut		No	Yule
2627	Saffron		No	Yule
2628	Sagacity of sledge-dogs		No	Yule
2629	Sagamon Borcan		Person	Yule
2630	Sagatu		Person	Yule
2631	Saggio 		No	Yule
2632	Sago		No	Yule
2633	Saianfu		Location	Yule
2634	Saif Arad		Person	Yule
2635	Saifuddin Nazrat		Person	Yule
2636	Saimur	Chaul	No	Yule
2637	Sain Khan	 Batu	Person	Yule
2638	Saker falcons		No	Yule
2639	Sakta doctrines		No	Yule
2640	Sakya Muni	Sagamon Borcan	Person	Yule
2641	Salamander		No	Yule
2642	Salar	Ho-chau	No	Yule
2643	Salem		No	Yule
2644	Salghur		No	Yule
2645	Salsette 		Location	Yule
2646	Salt		Location	Murray,Yule
2647	Salwen 	LuKiang 	Location	Yule
2648	Samagar		Person	Yule
2649	Samara		Location	Yule
2650	Samarcan 	Samarcand,Samarkand	Location	Murray,Yule
2652	Sampson		No	Yule
2653	Samudra		No	Yule
2654	Samuel		Person	Yule
2655	Samána		No	Yule
2656	San Giovanni Grisostomo		Person	Yule
2657	San Lorenzo		Location	Yule
2658	Sandu		Location	Yule
2659	Sanf		Location	Yule
2660	Sanglich		Location	Yule
2661	Sangon		No	Yule
2662	SangMiau		Location	Yule
2663	Sangín		Location	Yule
2664	Sanitary effects of Mountain air		No	Yule
2665	Sanjar		Location	Yule
2666	Sankin Hoto		Person	Yule
2667	Sanuto of Torcelli		No	Yule
2668	Sappan wood		No	Yule
2669	SaptaShaila		No	Yule
2670	Sapurgan	Shibbergaun	Location	Murray,Yule
2671	Sar-i-kol		Location	Yule
2672	Saracanco	Saraichik	No	Yule
2673	Saracens		Organization	Murray,Yule
2674	Sarai	Sara	Location	Yule
2675	Saratov		No	Yule
2676	Sarbizan Pass		No	Yule
2677	Sardines		No	Yule
2678	Sarghalan 		Location	Yule
2679	Sarha		Location	Yule
2680	Sarhadd River		Location	Yule
2681	Sarsáti		No	Yule
2682	Sartach		Person	Murray
2683	Sartak		No	Yule
2684	Sassanian dynasty		No	Yule
2685	Sati		No	Yule
2686	Satin		No	Yule
2688	Savast	Siwas	Location	Yule
2689	Scanderoon		Location	Yule
2690	Scasem		No	Yule
2691	Scassem	Koondooz	Location	Murray
2692	Scherani		No	Yule
2693	Schiltberger		No	Yule
2694	Schindler		No	Yule
2695	Schlegel		Person	Yule
2696	Schmidt		NP	Yule
2697	Schuyler		No	Yule
2698	Schönborn		No	Yule
2699	Scidmore		No	Yule
2701	Scotra  	Socotra	Location	Murray,Yule
2702	Scythians		Organization	Murray
2703	Sea of Chin		Location	Yule
	Sea of England		Location	Yule
	Sea of Ghel	Sea of Ghelan	Location	Yule
	Sea of India		Location	Yule
	Sea of Rochelle		Location	Yule
	Sea of Sarain		Location	Yule
2704	Seal		No	Yule
2705	Sebaste		No	Yule
2706	Sebourc		No	Yule
2707	Sees of Latin Church		No	Yule
2708	Sefavíehs		No	Yule
2710	Seilan 	Ceylon	Location	Murray,Yule
2711	Self-decapitation		No	Yule
2712	Selitrennoyé Gorodok	Saltpetre Town	Location	Yule
2713	Seljukian dynasty		No	Yule
2714	Semal tree		No	Yule
2715	Semedo		No	Yule
2717	Semenat 	Sumnaut,Somnath 	Location	Murray,Yule
2718	Sempad		Person	Yule
2719	Sendal		No	Yule
2720	Sendemain		Person	Yule
2721	Sender Bandi Davar		Person	Yule
2722	Seneca		No	Yule
2723	Senecherim		Person	Yule
2724	Seni		No	Yule
2725	Sensin		No	Yule
2726	Sentemur		No	Yule
2727	Sepulchre of Adam		No	Yule
2728	Serano		No	Yule
2729	Serazi 	Shíráz	Location	Yule
2730	Serendib		No	Yule
2731	Sergamon Borcam			Murray
2732	Serpents		No	Yule
2733	Sertorius		No	Yule
2734	Sesamé		No	Yule
2735	Seths mission to Paradise		No	Yule
2736	Sevan Lake		Location	Yule
2737	Seven Arts		No	Yule
2738	Severtsoff		No	Yule
2739	Seyyed Barghash		Person	Yule
2740	Sha-chau	Sachin	Location	Yule
2741	Shabankara	Shawankára,Soncara	Location	Yule
2742	Shabar		Person	Yule
2743	Shadow		No	Yule
2744	Shah Abbas		Person	Yule
2745	Shah Werdy		No	Yule
2746	Shahr Mandi		Location	Yule
2747	Shahr-i-Babek		No	Yule
2748	Shahr-i-Nao	Siam	No	Yule
2749	Shaibani Khan		Person	Yule
2750	Shaikhs	Esheks	No	Yule
2751	Shakespeare		No	Yule
2752	Shamanism			Murray,Yule
2753	Shampath		No	Yule
2754	Shamsuddin Shamatrani		No	Yule
2755	Shamuthera		Location	Yule
2756	Shan	Laotian	No	Yule
2757	Shan-hai-kwan		No	Yule
2758	Shan-si		No	Yule
2759	Shan-tung		No	Yule
2760	Shanars of Tinnevelly		No	Yule
2761	Shandu		Location	Murray
2762	Shang-hai		No	Yule
2763	ShangkingFungking		No	Yule
2764	Shangtu	Shangdu,Chandu	Location	Murray,Yule
2765	Shangtu Keibung		No	Yule
2766	Shankárah	Shabankára,Soncara	Location	Yule
2767	Shao-hing-fu		No	Yule
2768	Shao-ling		No	Yule
2769	Shara-ul-buks		No	Yule
2770	Sharakhs		No	Yule
2771	Sharks and shark charmers		No	Yule
2772	Shauls		No	Yule
2773	Shaw		No	Yule
2774	Shawls of Kerman		No	Yule
2775	Shawánkára	Soncara	No	Yule
2776	Sheep		No	Yule
2777	Sheeps head given to horses		No	Yule
2778	Shehr		No	Yule
2779	Shehrizor	Kerkuk	No	Yule
2780	Shen-si		No	Yule
2781	Shenrabs		No	Yule
2782	Shentseu tribe		No	Yule
2783	Sheuping		No	Yule
2784	Shewá		No	Yule
2785	Shi-tsung		Person	Yule
2787	Shieng		No	Yule
2788	Shighnan	Syghinan	No	Yule
2789	Shighnan 		No	Yule
2790	Shikárgáh		No	Yule
2791	Shing-king		No	Yule
2792	Ships		No	Yule
2793	Shireghi		No	Yule
2794	Shirha		No	Yule
2795	Shirwan		No	Yule
2796	Shoa		No	Yule
2797	Shobaengs of Nicobar		No	Yule
2798	Shodja ed-din Kurshid		No	Yule
2799	ShorRud	Salt River	Location	Yule
2800	Shot of Military Engines		No	Yule
2801	Shpilevsky		No	Yule
2802	Shut up nations		No	Yule
2803	Shwéli 		Location	Yule
2804	Sháliát		No	Yule
2805	Shíráz	Cerazi	Location	Yule
2806	Shúlistán	Suolstan	No	Yule
2807	Shúls of Shauls		No	Yule
2808	Si Hia		No	Yule
2809	Si-fan		Organization	Murray
2810	Si-hu		No	Yule
2811	Si-ngan fu	Kenjanfu	No	Yule
2812	Si-ngan fu 		No	Yule
2813	Siam		Location	Yule
2814	Siang-yang-fu	Saianfu	Location	Yule
2815	Siberia		Location	Yule
2816	Sibree		No	Yule
2817	Sick men put to death and eaten by their friends		No	Yule
2818	Siddhárta		No	Yule
2819	Sidi Ali		No	Yule
2820	Sien	SienLo, SienLo-Kok,Siam, Locac	Location	Yule
2821	Sifan		No	Yule
2822	Sigatay		Location	Yule
2823	Sighelm		Person	Yule
2824	Sijistán		No	Yule
2825	Siju	Suthsian	No	Yule
2826	Sikintinju	Kien-chow	No	Yule
2827	Silesia		Location	Yule
2828	Silk		No	Yule
2829	Silver chairs		No	Yule
2830	Simon		No	Yule
2831	Simurgh		No	Yule
2832	Simúm		No	Yule
2833	Sin-din-fu	Tching-tou-fou	Location	Murray
2835	Sin-gui 	Sou-teheou-fou	Location	Murray
2836	Sinbad		Location	Yule
2837	Sind	SindhuSauvira	No	Yule
2838	Sindachu	Siuen-hwa fu	No	Yule
2839	Sindafu	Chengtu-fu	No	Yule
2840	SindhuSauvira	Sindh-Ságor	No	Yule
2841	Sindábúr	Goa	Location	Yule
2842	Singapore		Location	Yule
2843	Singkel		No	Yule
2844	Singphos		No	Yule
2845	Sings		No	Yule
2846	Singtur		Person	Yule
2847	Singuyli 	Cranganor	No	Yule
2848	Sinhopala 	Accambale	Person	Yule
2849	Sinju	Si-ning fu	No	Yule
2850	Sinju 		No	Yule
2851	Sinju-matu		No	Yule
2852	Sinope		No	Yule
2853	Sinugul 	Soui-tcheou	Location	Murray
2854	Sir-i-Chashma		No	Yule
2855	Sirikol		Location	Yule
2856	Sirocco			Murray
2857	Sis		No	Yule
2858	Sismondi			Murray
2859	Sitting in air		No	Yule
2860	Siu chau		No	Yule
2861	Siuen-hwa-fu		No	Yule
2862	Siva		No	Yule
2863	Sivas		No	Yule
2864	Siwastán		No	Yule
2865	Siwi		No	Yule
2866	Sixtus V		Person	Yule
2867	Siyurgutmish		No	Yule
2868	Sladen		No	Yule
2869	Slaves in Bengal		No	Yule
2870	Sledges		No	Yule
2871	Sleeping-mats		No	Yule
2872	Sluices of Grand Canal		No	Yule
2873	Smith		Person	Yule
2874	Sneezing		No	Yule
2876	Soer	Suhar	Location	Yule
2877	Sofala		Location	Yule
2878	Sogoman Borcan		Person	Yule
2879	Sol		No	Yule
2880	Soldaia		No	Yule
2881	Soldan		Person	Yule
2882	Soldurii		No	Yule
2883	Soli		Location	Yule
2884	Solomon		No	Yule
2885	Soltania		No	Yule
2887	Sonagar-pattanam		Location	Yule
2888	Soncara	Shawankára	Location	Yule
2889	Sondur and Condur 	Pulo Condore		Murray,Yule
2890	Sorcerers		No	Yule
2891	Sornau	Shahr-i-Nau	No	Yule
2892	Sotiates		Location	Yule
2893	Soucat		No	Yule
2894	Southey		No	Yule
2895	Spaan		No	Yule
2896	Spice		No	Yule
2897	Spice wood		No	Yule
2898	Spices in China		No	Yule
2899	Spikenard		No	Yule
2900	Spinello Aretini		No	Yule
2901	Spirit drawings and spiritual flowers		No	Yule
2902	Spirits haunting deserts		No	Yule
2903	Spiritualism in China		No	Yule
2904	Spittoons		No	Yule
2905	Spodium 	Spodos	No	Yule
2906	Sport and game		No	Yule
2907	Sposk		Location	Yule
2908	Springolds		No	Yule
2909	Springs		No	Yule
2910	Sprinkling of drink		No	Yule
2911	Squares at Kinsay		No	Yule
2912	SriThammarat		No	Yule
2913	SriVaikuntham		No	Yule
2914	Sse River		LO	Yule
2915	St. Anno of Cologne		No	Yule
2916	St. Barlaam and St. Josafat		No	Yule
2917	St. Barsauma		No	Yule
2918	St. Blasius 		No	Yule
2919	St. Brandon		No	Yule
2920	St. Buddha		No	Yule
2921	St. Epiphanius		No	Yule
2922	St. George		No	Yule
2923	St. Helena		No	Yule
2924	St. James Shrine		No	Yule
2925	St. John the Baptist		No	Yule
2926	St. Leonards Convent in Georgia		No	Yule
2927	St. Lewis		No	Yule
2928	St. Martin		No	Yule
2929	St. Marys Island		No	Yule
2930	St. Matthew		No	Yule
2931	St. Matthews Gospel		No	Yule
2932	St. Nina		No	Yule
2933	St. Sabbas at Acre		No	Yule
2934	St. Thomas		No	Yule
2935	St. Thomass Isle		No	Yule
2936	Stack		No	Yule
2937	Star Chart		No	Yule
2938	Star of Bethlehem		No	Yule
2939	Steamers on Yangtse-kiang		No	Yule
2940	Steel mines at Kermán		No	Yule
2941	Stefani		No	Yule
2942	Stein		Person	Yule
2943	Stiens of Cambodia		No	Yule
2944	Stirrups		No	Yule
2945	Stitched vessels		No	Yule
2946	Stockade erected by Polos party in Sumatra		No	Yule
2947	Stone		No	Yule
2948	Stones giving invulnerability		No	Yule
2949	Su-chau		Person	Yule
2950	Su-chau 	Suju	Person	Yule
2951	Su-tásh		No	Yule
2952	Submersion of part of Ceylon		No	Yule
2953	Subterraneous irrigation		No	Yule
2954	Suburbs of Cambaluc		No	Yule
2955	Subutai		Person	Yule
2956	Succiur 	Sou-tcheou	Location	Murray
2957	Suchnan 		Location	Yule
2958	Sudarium		No	Yule
2959	Sugar		No	Yule
2960	Suh-chau	Sukchur	No	Yule
2961	Suicides before an idol		No	Yule
2962	Sukchur		Location	Yule
2963	Sukkothai		No	Yule
2964	Sukum Kala		No	Yule
2965	Suleiman		Person	Yule
2966	Sulphur and quicksilver		No	Yule
2967	Sultan Shah		Person	Yule
2968	Sultaniah		No	Yule
2969	Sumatra		Location	Murray,Yule
2970	Sumatra 		Location	Yule
2971	Sumbawa		No	Yule
2972	Summers		Person	Yule
2973	Sumutala	Sumuntala	Location	Yule
2974	Sun and moon		No	Yule
2975	Sundar Fúlát 		Person	Yule
2976	Sundara Pandi Devar		Person	Yule
2977	Sung		Person	Yule
2978	Sunnis and Shias		No	Yule
2979	Suolstan	Shulistan	Location	Yule
2980	Superstitions in Tangut		No	Yule
2981	Survival		No	Yule
2982	SurRaja		No	Yule
2983	Sushun		Person	Yule
2984	Suttee			Murray
2985	Suttees in S. India		No	Yule
2986	Suákin		No	Yule
2987	Swans		No	Yule
2988	Swat		No	Yule
2989	Swi-fu		No	Yule
2990	Sword blades of India		No	Yule
2991	Syghinan		No	Yule
2992	Sykes		No	Yule
2993	Sylen	Ceylon	No	Yule
2994	Symbolical messages		No	Yule
2995	Syrian Christians		No	Yule
2996	Sze-chwan		No	Yule
2997	Sze-chwan 	Cheng-tu	No	Yule
2998	Szechényi		No	Yule
2999	Sálih		Person	Yule
3000	Sárdú Pass		No	Yule
3002	Sínkalán		No	Yule
3003	Sírján 	Shirján	No	Yule
3004	Síráf	Kish	No	Yule
3005	Sístán		No	Yule
3006	Súddhodhana		No	Yule
3007	Ta Tsing 		Location	Yule
3008	Ta-pa-Shan range		No	Yule
3009	Ta-tsien-lu		No	Yule
3010	Tabashir		No	Yule
3011	Tabbas		No	Yule
3012	Table of the Great Khan		No	Yule
3013	Tables		No	Yule
3014	Tablet		No	Yule
3015	Tablets of Authority		No	Yule
3016	Tabriz	Tauris	Location	Yule
3017	Tachindo		No	Yule
3018	Tacitus		Location	Yule
3019	Tactics		No	Yule
3020	Tacuin		No	Yule
3021	Tadinfu		No	Yule
3022	Taeping	Taiping	Location	Yule
3023	Taeping Insurrection and Devastations		No	Yule
3024	Taffetas		No	Yule
3025	Taft		Location	Yule
3026	Tafurs		No	Yule
3027	Tagachar		No	Yule
3028	Tagaung		No	Yule
3029	Tagharma Pass		Location	Yule
3030	Taghdúngbásh 		Location	Yule
3031	Tai-in-fu 	Tai-yuen-fou	Location	Murray
3032	Tai-kan	Khoolloom	Location	Murray
3033	Tai-tsu		Person	Yule
3034	Taianfu	Tai-yuan-fu	Person	Yule
3035	Taiani		No	Yule
3036	Taican		Location	Yule
3037	Taichau	Tigu	Location	Yule
3038	Taidu		Location	Yule
3039	Taikung		No	Yule
3040	Tailed men		No	Yule
3041	Tailors		No	Yule
3042	Taimúni tribe		No	Yule
3043	Taiting-fu	Tadinfu	No	Yule
3044	Taitong-fu		No	Yule
3045	Tajiks of Badakhshan		No	Yule
3046	Takfúr		No	Yule
3047	Takhtapul		No	Yule
3048	TaklaMakan		No	Yule
3049	Talains		No	Yule
3050	Talas 		Location	Yule
3051	Tali		No	Yule
3052	Talifu	Carajan	Location	Yule
3053	Talikan		Location	Yule
3054	Tallies		No	Yule
3055	Tam-pin-gui		Location	Murray
3056	Tamarind		No	Yule
3057	Tamerlan		No	Yule
3059	Tana 	Bombay,Azov	Location	Murray,Yule
3060	TanaMaiambu		Location	Yule
3061	TanaMalayu		Location	Yule
3062	Tanduc		Location	Yule
3063	Tangnu Oola		Location	Yule
3064	Tangut		Location	Murray,Yule
3065	Tangutan		No	Yule
3066	Tanjore		Location	Yule
3067	Tanpiju	Shaohing	No	Yule
3068	Tantras		No	Yule
3069	Tao-lin		Person	Yule
3070	Tao-sze	Taossé	No	Yule
3071	Taprobana		No	Yule
3072	Tarakai		No	Yule
3073	Tarantula		No	Yule
3074	Tarem		No	Yule
3075	Tares of the parable		No	Yule
3076	Tarmabala		No	Yule
3077	Tarok Man and Tarok Myo		No	Yule
3078	Tartar language		No	Yule
3079	Tartars		No	Yule
3080	Tartars driven out of China			Murray
3081	Tartary cloths		No	Yule
3082	Tarungares		Location	Yule
3083	Taríkh-i-Rashídí		No	Yule
3084	Tataríya coins		No	Yule
3085	Tathung		No	Yule
3086	Tattooing		No	Yule
3087	Tatu	Taichu	No	Yule
3088	Tatyang Khan		Person	Yule
3089	Tauris		Location	Yule
3090	Taurizi		Location	Yule
3091	Tawálisi		No	Yule
3092	Taxes		No	Yule
3093	Tchakiri Mondou	Modun	No	Yule
3094	Tea			Murray
3095	Tea trees in E. Tibet		No	Yule
3096	Tea-houses at Kingszé		No	Yule
3097	Tebet		Location	Yule
3098	Tedaldo		No	Yule
3099	Teeth		No	Yule
3100	Teflis		Location	Murray
3101	Tegana		Person	Yule
3102	Teghele		No	Yule
3103	Teimur	Temur	Person	Murray,Yule
3104	Tekla		No	Yule
3105	Tekrit		No	Yule
3106	Telingana		Location	Yule
3107	Telo Samawe		No	Yule
3108	Tembul	Betel	No	Yule
3109	Temkan		Person	Yule
3110	Temple		No	Yule
3111	Temples account of the Condor		No	Yule
3112	Temugin		Person	Murray
3113	Temujin		Person	Yule
3115	Tenduc		Location	Murray,Yule
3116	Tengri		No	Yule
3117	Tennasserim		No	Yule
3118	Tents		No	Yule
3119	Tents of  the great khan			Murray
3120	Terebinth		No	Yule
3121	Terra Australis		No	Yule
3122	Terra Mountains		No	Yule
3123	TeTsung		Person	Yule
3124	Thai		No	Yule
3125	Thai-yuanfu	Taianfu	No	Yule
3126	Thaigin		No	Yule
3127	Theft		No	Yule
3128	Theistic worship		No	Yule
3129	Thelasar		No	Yule
3130	Theobald		Person	Yule
3131	Theodorus		Person	Yule
3132	Theodosius the Great		Person	Yule
3133	Theophilus		Person	Yule
3134	Thian Shan		No	Yule
3135	Thianté-Kiun		No	Yule
3136	Thibet		Location	Murray
3137	Thin lEvêque		No	Yule
3139	Tholoman 	part of Yun-nan	Location	Murray,Yule
3140	Thomas		Person	Yule
3141	Thread		No	Yule
3142	Three kingdoms		No	Yule
3143	Threshold		No	Yule
3144	Thurán Shahs History of Hormuz		No	Yule
3145	Thévenot		No	Yule
3146	Ti-min-gui 	King-te-ching	Location	Murray
3147	Person	Tebet	Location	Yule
3148	Tibetan language and character		No	Yule
3149	Tibetans		No	Yule
3150	Tides in Hang-chau estuary		No	Yule
3151	Tierce		No	Yule
3152	Tiflis		No	Yule
3153	Tigado		No	Yule
3154	Tigers		No	Yule
3155	Tigris	Volga	Location	Yule
3157	Tiju		No	Yule
3158	Tiles		No	Yule
3159	Tiling		No	Yule
3160	Tilinga		Location	Yule
3161	Timur of Toumen		Person	Yule
3162	Timur the Great		No	Yule
3163	Timurids		No	Yule
3164	Tin-gui		Location	Murray
3165	Ting		No	Yule
3166	Tinju		No	Yule
3167	Tinnevelly		No	Yule
3168	Tithe on clothing material		No	Yule
3169	Tithing men		No	Yule
3170	Titus		Person	Yule
3171	Tjajya		No	Yule
3172	Toba race		No	Yule
3173	Toc-tai		Person	Murray
3175	Tod		Person	Yule
3176	Toddy		No	Yule
3177	Togan		Person	Yule
3178	Toghontemur		Person	Yule
3179	Toghrul I		Person	Yule
3180	Togrul Wang Khan		Person	Yule
3181	Toka Tumir		Person	Yule
3182	Toktai Khan	Toctai	Person	Yule
3183	Tokát		No	Yule
3184	Tolan-nur	Dolonnúr	No	Yule
3185	Toleto		Person	Yule
3186	Tolobuga		Person	Yule
3187	Toman 	Tuman	No	Yule
3188	Tongking		No	Yule
3189	Tonocain 	Daumghann	Location	Murray
3190	Tooth-relique of Buddha		No	Yule
3191	Torchi		Person	Yule
3192	Toris 	Tauris,Tabreez	Location	Murray
3193	Tornesel		No	Yule
3194	Toro 		Location	Yule
3195	Torshok		No	Yule
3196	Torture by constriction in raw hide		No	Yule
3197	Tournefort		No	Yule
3198	Tower and Bell Alarm at Peking		No	Yule
3199	Toyan		No	Yule
3200	Trade at Layas		No	Yule
3201	Trades in Manzi		No	Yule
3202	Transmigration		No	Yule
3203	Traps for fur animals		No	Yule
3204	Travancore		Location	Yule
3205	Travellers		Organization	Murray
3206	Treasure of Maabar kings		No	Yule
3207	Trebizond		Location	Yule
3208	Trebuchets		No	Yule
3209	Trees		No	Yule
3210	Trench		No	Yule
3211	Trevisano		No	Yule
3212	Trincomalee		No	Yule
3213	Tringano		No	Yule
3214	Trinkat		Person	Yule
3215	Tsin-tsun		No	Yule
3216	Tsiuan-chau		Location	Yule
3217	Tsongkhapa		Person	Yule
3218	Tsukuzi in Japan		No	Yule
3219	Tsung-ngan-hien		No	Yule
3220	Tsushima		Location	Yule
3221	Tsuan-chou		Location	Yule
3222	Tu Tsong		No	Yule
3223	Tu-fan		Location	Yule
3224	Tu-ku-hun		No	Yule
3225	Tuan		Person	Yule
3226	Tudai		Person	Yule
3227	TudaiMangku	Totamangu,Totamangul	Person	Yule
3228	Tughan		Person	Yule
3229	Tughlak Shah		Person	Yule
3230	Tuktuyai Khan		Person	Yule
3231	Tuli		Person	Yule
3232	Tuman		Location	Yule
3233	Tumba		No	Yule
3234	Tun-o-kain	Tunocain	Location	Yule
3235	Tung-chau	Tinju	No	Yule
3236	Tung-hwang-hien		Location	Yule
3237	Tung-kwan		Location	Yule
3238	Tung-an in Fokien		No	Yule
3239	Tunguses		No	Yule
3240	Tunny fish		No	Yule
3241	Turbit		No	Yule
3242	Turcomania		Location	Murray,Yule
3243	Turgaut		No	Yule
3244	Turkestan		Location	Murray
3245	Turkey	Great Turkey,Turkestan	Location	Yule
3246	Turkistan chiefs send mission to kings of India		No	Yule
3247	Turkmans and Turks		No	Yule
3248	Turks		No	Yule
3249	Turmeric		No	Yule
3250	Turner		Person	Yule
3251	Turquans		No	Yule
3252	Turquoises in Kermán		No	Yule
3253	Turtle doves		No	Yule
3254	Turumpak		Location	Yule
3255	Tutia	Tutty	No	Yule
3256	Tuticorin		No	Yule
3257	Tver		No	Yule
3258	Twelve		No	Yule
3259	Twigs or arrows		No	Yule
3260	Tylor		Person	Yule
3261	Tyuman		No	Yule
3262	Tyunju		Person	Yule
3263	Tzarev		No	Yule
3264	Tzaritzyn		No	Yule
3265	Tai Tsung		NP	Yule
3266	Taiching-Kwan		No	Yule
3267	Tang dynasty		No	Yule
3268	Tsang-chau		Person	Yule
3269	Tsi-nan-fu	Chinangli	No	Yule
3270	Tsi-ning-chau		No	Yule
3271	Tsien Tang		Location	Yule
3272	Tsien Tang 		Location	Yule
3273	Tsing-chau		No	Yule
3274	Tsing-ling range		No	Yule
3275	Táki-uddin		No	Yule
3276	Tánasi cloth		No	Yule
3277	Tánkíz Khan		Person	Yule
3278	Tásh Kurgán		No	Yule
3279	Tún		Location	Yule
3280	U-man and Pe-man 		No	Yule
3281	U-nya-Mwezi superstition		No	Yule
3282	Ucaca	Ukak,Ukek, Uwek	Location	Yule
3283	Uch-baligh		No	Yule
3284	UchMultán		No	Yule
3285	Udoe country		No	Yule
3286	Udong		No	Yule
3287	Udyána		No	Yule
3288	Ughim		Location	Murray
3289	Ughuz		Location	Yule
3290	Uighúr character		No	Yule
3291	Uighúrs		No	Yule
3292	Uiraca		No	Yule
3293	Uirad		No	Yule
3294	Ujjain		Location	Yule
3295	Ukak		No	Yule
3296	Ulakhai		No	Yule
3297	Ulan Muren	Red River	Location	Yule
3298	Ulatai	Oulatay	Person	Yule
3299	Ulugh Bagh		No	Yule
3300	Ulús		No	Yule
3301	Umbrellas		No	Yule
3302	Un-gui	Kia-hing	Location	Murray
3303	Un-quem	Ming-taing	Location	Murray
3304	Unc Can	Aung Khan	Person	Yule
3305	Ung	Ungkút	Location	Yule
3306	Ungrat 	Kungurat	Location	Yule
3307	Unicorn		No	Yule
3308	Unken		Location	Yule
3309	Unlucky hours		No	Yule
3310	Ural river		Location	Murray
3311	Urduja		Person	Yule
3312	Uriangkadai		No	Yule
3313	Uriangkút	Tunguses	No	Yule
3314	Urianhai		No	Yule
3315	Urumtsi		No	Yule
3316	Urzú		No	Yule
3317	Uspenskoye 		No	Yule
3318	Uttungadeva		Person	Yule
3319	Uwek		Location	Yule
3320	Uzbeg Khan of Sarai		No	Yule
3321	Uzbegs of Kunduz		No	Yule
3322	Uzun Tati		No	Yule
3323	Vair		No	Yule
3324	Valaghir 		Location	Yule
3325	Van 		Location	Yule
3326	Vanchu 	Wangchu	Person	Yule
3327	Varaegian		No	Yule
3328	Varaha Mihira		Location	Yule
3329	Vardoj		Location	Yule
3330	Vardoj 		Location	Yule
3331	Varsach		Location	Yule
3332	Veil of the Temple		No	Yule
3333	Vellalars		No	Yule
3334	Venetians		No	Yule
3335	Venice		Location	Murray,Yule
3336	Ventilators at Hormuz		No	Yule
3337	Venádan		Person	Yule
3338	Verlinden		No	Yule
3339	Vessels		No	Yule
3340	Vial		No	Yule
3341	Vijayanagar		Location	Yule
3342	Vikramajit		Person	Yule
3343	Vikrampúr		Location	Yule
3344	Villard de Honnecourt		No	Yule
3345	Vincent of Beauvais		No	Yule
3346	Vincenzo		No	Yule
3347	Vineyards		No	Yule
3348	Vinson		Person	Yule
3349	Virgin of Cape Comorin		No	Yule
3350	Visconti	Tedaldo, or Tebaldo	Location	Yule
3351	Vissering		No	Yule
3352	Vochan	Unchan,Yungchan	Person	Yule
3353	Vociam		Location	Murray
3354	Vogels		No	Yule
3356	Vokhan 	Wakhan	Location	Murray,Yule
3357	Volga		Location	Yule
3358	Volga river		Location	Murray
3359	Vos		No	Yule
3360	Vughin		No	Yule
3361	Vuju in Kiangnan		No	Yule
3362	Vámbéry		Person	Yule
3363	Wa-tzu		No	Yule
3364	Wadoe tribe		No	Yule
3365	Wakf		No	Yule
3366	Wakhijrui Pass		Location	Yule
3367	Wakhjír Pass		Location	Yule
3368	Wakhsh		No	Yule
3369	Wakhtang II		Person	Yule
3370	Wakhán	Vokhan	Location	Yule
3371	Walashjird		No	Yule
3372	Waldshut			Murray
3373	Wall of Alexander 		No	Yule
3374	Wallachs		No	Yule
3375	Walnut-oil		No	Yule
3376	Wami		Location	Yule
3377	Wang		Person	Yule
3378	Wangchu		Person	Yule
3379	Wapila		No	Yule
3380	War vessels		No	Yule
3381	Warangol Ku		No	Yule
3382	Warangs		No	Yule
3383	Warner		Person	Yule
3384	Wassáf		Person	Yule
3385	Water		No	Yule
3386	Wathek		Person	Yule
3387	Weather-conjuring		No	Yule
3388	Wei River in Shen-si		Location	Yule
3389	Wei dynasty		No	Yule
3390	Wei-ning		No	Yule
3391	Weights and measures		No	Yule
3392	Wen 		Location	Yule
3393	Wen-chow		No	Yule
3394	Westermarck		No	Yule
3395	Whale oil		No	Yule
3396	Whales		No	Yule
3397	Wheaten bread not eaten		No	Yule
3398	White bears		No	Yule
3399	Whittington and his cat in Persia		No	Yule
3400	Wild asses and oxen		No	Yule
3401	William of Tripoli		No	Yule
3402	Williams		Person	Yule
3403	Williamson		Person	Yule
3404	Wilson		Person	Yule
3405	Wind		No	Yule
3406	Wine		No	Yule
3407	Wo-fo-sze		No	Yule
3408	Wolves in Pamir		No	Yule
3409	Women		No	Yule
3410	Wonders performed by the Bacsi		No	Yule
3411	Wood		No	Yule
3412	Wood-oil		No	Yule
3413	Wool		No	Yule
3414	Worship of Mahomet 		No	Yule
3415	Worshipping the tablets		No	Yule
3416	Wu-chau	Vuju	No	Yule
3417	Wu-ti		Person	Yule
3418	Wukiang-hien	Vughin	No	Yule
3419	Wylie		Person	Yule
3420	Wüsus		No	Yule
3421	Xavier		No	Yule
3422	Xerxes		No	Yule
3423	Ya-chau		No	Yule
3424	Yachi	Yun-nan-fu	Location	Yule
3425	Yachi 		No	Yule
3426	Yaci	Chiaki	Location	Murray
3427	Yaik 		Location	Yule
3428	Yak		No	Yule
3429	Yakuts		No	Yule
3430	Yalung 		Location	Yule
3431	Yam		No	Yule
3432	Yamgán		No	Yule
3433	Yan-gui 	Yang-tcheou-fou	Location	Murray
3434	Yang-chau	Yanju	Location	Yule
3435	Yang-tse-kiang	Kiang	Location	Murray
3436	Yarbeg of Badakhshan		No	Yule
3437	Yarcan	Yarcund,Yarkand	Location	Murray,Yule
3441	Yasdi 	Yerd,Yezd	Location	Murray,Yule
3442	Yasodhara		Person	Yule
3443	Yavanas		No	Yule
3444	Yazdashir		No	Yule
3445	Yakúb Beg of Kasghar		No	Yule
3446	Ydifu		No	Yule
3447	Year		No	Yule
3448	Yelimala		No	Yule
3449	Yeliu Chutsai		No	Yule
3450	Yellow		No	Yule
3451	Yemen		No	Yule
3452	Yen-king	Old Peking	Person	Yule
3453	Yeng-chau		Person	Yule
3454	Yeng-chau 		Person	Yule
3455	Yenshan		No	Yule
3456	YenPing		Person	Yule
3457	Yesubuka		No	Yule
3458	Yesudar		No	Yule
3459	Yesugai		Person	Yule
3460	Yetsina	Etzina	No	Yule
3462	Yiu-ki 		Location	Yule
3463	Yonting Ho 		Location	Yule
3464	Yoritomo		No	Yule
3465	Yotkàn		Location	Yule
3466	Youth		Location	Yule
3467	Yrac		Location	Yule
3468	Ysemain of Hiulie		No	Yule
3469	Yu		No	Yule
3470	Yu-chow		No	Yule
3471	Yuan Ho		No	Yule
3472	Yue-chi		No	Yule
3473	Yuen		No	Yule
3474	Yuen ming-yuen		Location	Yule
3475	Yuen shi		No	Yule
3476	Yuen-hao		Location	Yule
3477	Yugria		No	Yule
3478	Yuh-shan		No	Yule
3479	Yule		Person	Yule
3480	Yun-nan	Carajan	Location	Yule
3481	Yun-nan-fu 		Location	Yule
3482	Yung Lo		Person	Yule
3483	Yung-chang fu	Shen-si	No	Yule
3484	YunHien		Person	Yule
3485	Yurungkásh 	`	Location	Yule
3486	Yusuf Kekfi		No	Yule
3487	Yuthia		Location	Yule
3488	Yvo of Narbonne		No	Yule
3489	Yájú		No	Yule
3490	Zabedj		No	Yule
3491	Zai-tun	Amoy	Location	Murray
3492	Zaila		No	Yule
3493	Zampa		Location	Yule
3494	Zanghibar	Zanguebar	Location	Murray,Yule
3495	Zanton	Shantung	Location	Yule
3496	Zanzale		Person	Yule
3497	Zapharan		Location	Yule
3498	Zardandan		Location	Yule
3499	Zarneke		No	Yule
3500	Zayton	Zaitún, Zeiton, Cayton	Location	Yule
3501	Zebu		No	Yule
3502	Zebák Valley		Location	Yule
3503	Zedoary		No	Yule
3504	Zenghi		No	Yule
3505	Zerms	Jerms	No	Yule
3506	Zerumbet		No	Yule
3507	Zettani		No	Yule
3508	Zhafar		Location	Yule
3509	Zic	Circassia	Location	Yule
3510	Zikas		No	Yule
3511	Zimmé		Location	Yule
3512	Zinc		No	Yule
3513	Zinj		Location	Yule
3514	Zipangu	Japan		Murray
3515	Zobeidah		Person	Yule
3516	Zorza		No	Yule
3517	Zu-lkarnain	Zulcarniain	No	Yule
3518	Zurficar	Zúrpica,Zulficar	Person	Yule
3519	an soe the Pope			Murray
3520	son		Location	Yule
3521	Ábah		No	Yule
3522	Çribhõja	Çribhôdja	Location	Yule
