chapterNo	chapterTitle	sectionNo	SentenceNo	sectionTitle	sentence	Marco Location	Maro current world location	Person	Location	Travel verbs	Travel verbs3	Travel verbs org	Travel verbs syn
1	PART 1	1	1	Power and Magnificence of Kublai	Now I am to give you a wonderful account of the greatest king of the Tartars+AHw-s, still reigning, named Kublai, or lord of lords.	Kambalu	Beijing	Kublai				give	reach,throw,leave,return,pass
1	PART 1	1	2	Power and Magnificence of Kublai	That name is assuredly well merited, since he is the most powerful in people, in lands, and in treasure, that is, or ever was, from the creation of Adam to the present day +ADs- 	Kambalu	Beijing	Adam					
1	PART 1	1	3	Power and Magnificence of Kublai	Whosoever descends in the direct line from Gengis is entitled to be master of all the Tartars, and Kublai is the sixth great Khan.	Kambalu	Beijing	Gengis,Kublai					
1	PART 1	1	4	Power and Magnificence of Kublai	He began to reign in the year of our Lord 1256,and maintained the dominion by his valour, address, and wisdom.	Kambalu	Beijing						
1	PART 1	1	5	Power and Magnificence of Kublai	His brothers sought to oppose his succession, but by bravery and right he triumphed over them.	Kambalu	Beijing						
1	PART 1	1	6	Power and Magnificence of Kublai	From the beginning of his reign, forty+AC0-two years have elapsed to the present day, in the year 1298.	Kambalu	Beijing					elapsed	pass
1	PART 1	1	7	Power and Magnificence of Kublai	He is now full eighty+AC0-five years old, and before his accession commanded many armies, when he approved himself good at weapons, and a brave captain.	Kambalu	Beijing						
1	PART 1	1	8	Power and Magnificence of Kublai	But since that time he has joined the army only once, which was in the year 1286, and I will tell you on what occasion.	Kambalu	Beijing						
1	PART 1	2	9	Insurrection raised by Nayan	You must understand that a certain cousin of his, named Nayan, who, like his ancestors, was his vassal, yet had many lands and provinces of his own, and could raise 400,000 horsemen, being thirty years old,refused to remain longer in subjection, and assumed the whole sovereignty to himself.	Kambalu	Beijing	Nayan				had,raise	throw,advance
1	PART 1	2	10	Insurrection raised by Nayan	He sent to a certain great lord, named Kaidu, a nephew of that monarch, but in rebellion against him, and desirous of doing him the greatest injury.	Kambalu	Beijing	Kaidu				doing	come
1	PART 1	2	11	Insurrection raised by Nayan	To him Nayan proposed to attack the monarch on one side, while he himself advanced on another, so that they might acquire the dominion over his whole territory.	Kambalu	Beijing	Nayan		advanced	advanced		
1	PART 1	2	12	Insurrection raised by Nayan	Kaidu declared himself well pleased, and promised to be ready at the time appointed.	Kambalu	Beijing	Kaidu					
1	PART 1	2	13	Insurrection raised by Nayan	He could bring into the field 100,000 cavalry +ADs- 	Kambalu	Beijing						
1	PART 1	2	14	Insurrection raised by Nayan	and those two assembled a mighty army on horseback and foot, and marched against the great Khan.	Kambalu	Beijing	Khan		marched	marched	assembled	tack
1	PART 1	3	15	Kublai prepares to meet him	When Kublai learned these things, he was not at all alarmed, but declared, that he wished he might never wear a crown, nor hold sway over a kingdom, if he did not bring the traitors to an evil death.	Kambalu	Beijing	Kublai				sway,did	shake,swing,rock,come
1	PART 1	3	16	Kublai prepares to meet him	He therefore made his whole army be prepared in twenty+AC0-two days, and so secretly, that nothing was known beyond his own council.	Kambalu	Beijing					made,known	reach,draw,throw,bang
1	PART 1	3	17	Kublai prepares to meet him	He raised full 360,000 mounted soldiers, and 100,000 infantry +ADs-	Kambalu	Beijing					raised,mounted	advance,ride,climb,rise
1	PART 1	3	18	Kublai prepares to meet him	and the reason of their number not being greater, was, that they consisted only of his huntsmen, and those immediately round his person, the rest being employed in carrying on distant wars +ADs-	Kambalu	Beijing					carrying	run
1	PART 1	3	19	Kublai prepares to meet him	 for if he could have assembled his whole host, the multitude would have been such as no man could have numbered.	Kambalu	Beijing					have,assembled,have,have,numbered	throw,tack,throw,throw,come
1	PART 1	3	20	Kublai prepares to meet him	He then called his astrologers, and asked of them if he would be victorious +ADs- 	Kambalu	Beijing						
1	PART 1	3	21	Kublai prepares to meet him	they answered, that he would do to his enemies according to his pleasure.	Kambalu	Beijing					do	come
1	PART 1	4	22	Description of the Battle	The great Khan having assembled these forces, took his departure, and in twenty days came to a vast plain, where Nayan had assembled all his troops, amounting to 400,000 warriors.	Kambalu	Beijing	Khan,Nayan		came	came	having,assembled,took,had,assembled,amounting	throw,tack,drive,throw,tack,come
1	PART 1	4	23	Description of the Battle	The Khan took much care to scour the paths, and intercept all who could have carried the intelligence +ADs- 	Kambalu	Beijing	Khan				took,have,carried	drive,throw,run
1	PART 1	4	24	Description of the Battle	so that when he approached at dawn of day, the rebel was lying asleep in bed with a favourite wife, not having the least dread of his arrival, and, consequently, no guard on any side of the camp.	Kambalu	Beijing			approached	approached	having	throw
1	PART 1	4	25	Description of the Battle	Kublai then advanced, having a tower fixed upon four elephants, whereon were placed his ensigns, so that he could be seen by the whole army.	Kambalu	Beijing	Kublai		advanced	advanced	having	throw
1	PART 1	4	26	Description of the Battle	His men, divided into bands of twenty thousand, surrounded in a moment the adverse force, each soldier having a footman on the crupper behind him, with a bow in his hand.	Kambalu	Beijing					surrounded,having	skirt,throw
1	PART 1	4	27	Description of the Battle	When Nayan and his men saw their camp thus encircled by the Khan and his host, they were seized with amaze +ADs- 	Kambalu	Beijing	Nayan,Khan				amaze	stick
1	PART 1	4	28	Description of the Battle	yet they ran to arms, formed themselves in order of battle, and were soon prepared to strike.	Kambalu	Beijing			ran	ran	strike	move,fall
1	PART 1	4	29	Description of the Battle	Then began the beating on many instruments, and singing with loud voices+ADs-	Kambalu	Beijing						
1	PART 1	4	30	Description of the Battle	 for it is the custom of the Tartars, that until the horn termed naccar is winded the troops do not engage.	Kambalu	Beijing			winded	winded		
1	PART 1	4	31	Description of the Battle	But when that grand trumpet of the great Khan was sounded, all the other performers began playing, and raising their voices very loud, making a noise that was truly most wonderful.	Kambalu	Beijing	Khan				sounded,playing,raising,making	go,run,advance,reach,draw,throw
1	PART 1	4	32	Description of the Battle	Then the two armies rushed against each other with sword, spear, and lance, while the footmen were prepared with bow and quiver.	Kambalu	Beijing			rushed	rushed		
1	PART 1	4	33	Description of the Battle	The battle was fierce and cruel+ADs- 	Kambalu	Beijing						
1	PART 1	4	34	Description of the Battle	the arrows filled the air like rain +ADs- 	Kambalu	Beijing						
1	PART 1	4	35	Description of the Battle	horses and horsemen were seen falling to the ground+ADs- 	Kambalu	Beijing			falling	falling		
1	PART 1	4	36	Description of the Battle	and the tumult was such, that if Jove had thundered, he could not have been heard.	Kambalu	Beijing	Jove		thundered	thundered	had,have	throw,throw
1	PART 1	4	37	Description of the Battle	Nayan was a baptized Christian, and therefore had the cross upon his standard.	Kambalu	Beijing	Nayan				had	throw
1	PART 1	4	38	Description of the Battle	Never, in our day, was there so hard and terrible a combat, nor so many assembled on one field, especially of horsemen +ADs-	Kambalu	Beijing					assembled	tack
1	PART 1	4	39	Description of the Battle	 and the number who fell on both sides was fearful to behold.	Kambalu	Beijing					fell	descend,drop,vanish,come,return,fall,fly,pass
1	PART 1	4	40	Description of the Battle	The battle continued from nine in the morning till midday +ADs- 	Kambalu	Beijing						
1	PART 1	4	41	Description of the Battle	but the great Khan at last remained master of the field.	Kambalu	Beijing	Khan					
1	PART 1	4	42	Description of the Battle	When Nayan and his men saw that they could hold out no longer, they betook themselves to flight +ADs- 	Kambalu	Beijing	Nayan				hold	throw
1	PART 1	4	43	Description of the Battle	but it availed them nothing+ADs- 	Kambalu	Beijing						
1	PART 1	4	44	Description of the Battle	he was taken, and all his troops surrendered.	Kambalu	Beijing					taken	drive
1	PART 1	5	45	The Death of Nayan	When that great monarch heard that Nayan was taken, he ordered him to be put to death in the manner I am now to tell you.	Kambalu	Beijing	Nayan				taken	drive
1	PART 1	5	46	The Death of Nayan	He was wrapped in a carpet, and violently tossed to and fro till he died.	Kambalu	Beijing			tossed	tossed	wrapped,died	wind,roll,exit,go,pass
1	PART 1	5	47	The Death of Nayan	This mode was adopted, that, being of imperial lineage, his blood might not be shed on the ground, nor his cries ascend into the air.	Kambalu	Beijing					shed	throw,drop
1	PART 1	5	48	The Death of Nayan	When that battle was gained, four of his provinces paid tribute and homage to the great Khan.	Kambalu	Beijing	Khan				gained	advance,reach
1	PART 1	5	49	The Death of Nayan	These were Cicorcia, Cauli, Bastol, and Suchintin.	Kambalu	Beijing		Cicorcia, Cauli, Bastol,Suchintin				
1	PART 1	6	50	Kublai silences the Mockery of the Jews and Saracens	+ACI-When themonarch had achieved this triumph, the Saracens, Pagans, Jews, and other generations of men who believe not in God, expressed wonder at the cross which the vanquished leader had carried on his standard, and said in derision of the Christians,+AC0AIgAi-see how the cross of your God has aided Nayan and his people.+ACIAIg-+ACI-	Kambalu	Beijing	Nayan				had,achieved,had,carried	throw,reach,throw,run
1	PART 1	6	51	Kublai silences the Mockery of the Jews and Saracens	+ACI-They made such a noise on this subject, that it came to the ears of the prince, who was much displeased, and sending for the Christians, said to them,+AC0AIgAi-if your God did not assist Nayan, he acted with great justice, because he is a good and righteous God. Nayan was a traitor and rebel against his lord, and therefore God did well in not assisting him+//0A7//9AL///QC9-.+ACIAIg-+ACI-	Kambalu	Beijing	Nayan,Nayan		came	came	made,did,acted,did	reach,draw,throw,come,move,come
1	PART 1	6	52	Kublai silences the Mockery of the Jews and Saracens	+ACI-Then the Christians replied,+AC0AIgAi-O, great sire+ACE- thou hast spoken the truth, for the cross will aid nothing unjust, and he met only what he well deserved.+ACIAIg-+ACI-	Kambalu	Beijing						
1	PART 1	6	53	Kublai silences the Mockery of the Jews and Saracens	Having gained this victory, the great Khan returned to his capital, Kambalu, with much festival and rejoicing.	Kambalu	Beijing	Khan 	Kambalu	returned	returned	Having,gained	throw,advance,reach
1	PART 1	6	54	Kublai silences the Mockery of the Jews and Saracens	When the other king, named Kaidu, heard how his ally had been worsted, he was struck with fear, and did not attempt to lead his army against the monarch.	Kambalu	Beijing	Kaidu				had,struck,did,lead	throw,move,fall,come,run,pass,go,leave
1	PART 1	6	55	Kublai silences the Mockery of the Jews and Saracens	Now you have seen how that prince went to battle,and for what cause, while on all other occasions he sent his son and his barons+ADs-	Kambalu	Beijing			went	went		
1	PART 1	6	56	Kublai silences the Mockery of the Jews and Saracens	but this war was of such magnitude that it seemed to deserve his own immediate presence. 	Kambalu	Beijing						
1	PART 1	7	57	His Opinions as to the Christian Religion	The grand Khan, having obtained this splendid victory, returned with great pomp and triumph to his capital of Kambalu.	Kambalu	Beijing	Khan	Kambalu	returned	returned	having	throw
1	PART 1	7	58	His Opinions as to the Christian Religion	He arrived there in November, and remained till after March, in which month our festival of Easter occurred.	Kambalu	Beijing			arrived	arrived	occurred	come,pass
1	PART 1	7	59	His Opinions as to the Christian Religion	Aware that this was one of our most solemn periods, he commanded all the Christians to attend him, bringing with them their book containing the four gospels.	Kambalu	Beijing						
1	PART 1	7	60	His Opinions as to the Christian Religion	He caused it, in a very respectful manner, to be repeatedly perfumed with incense, ordering all his nobles present to do the same.	Kambalu	Beijing					do	come
1	PART 1	7	61	His Opinions as to the Christian Religion	Such was the custom upon each of the two great festivals of Easter and Christmas+ADs- 	Kambalu	Beijing						
1	PART 1	7	62	His Opinions as to the Christian Religion	and he followed the same course as that pursued by the Saracens, Jews, and idolaters.	Kambalu	Beijing					followed	come
1	PART 1	7	63	His Opinions as to the Christian Religion	+ACI-Being asked the reason of this conduct, he replied,+AC0AIgAi-there are four great prophets revered and worshipped by different classes of mankind. The Christians hold Christ as their divinity +ADs- the Saracens, Mohammed +ADs- the Jews, Moses+ADs- and the idolaters, Sogomombar Khan, their most distinguished idol. I honour and respect all the four, and seek aid from them, as any one of them may really be supreme in heaven+//0A7//9AL///QC9-.+ACIAIg-+ACI-	Kambalu	Beijing	Christ,Mohammed,Moses,Sogomombar Khan					
1	PART 1	7	64	His Opinions as to the Christian Religion	Yet, from the behaviour of his majesty towards the Christians, he evidently believed their faith the best and truest +ADs- 	Kambalu	Beijing						
1	PART 1	7	65	His Opinions as to the Christian Religion	observing, that it enjoined nothing on its professors that was not full of virtue and holiness.	Kambalu	Beijing						
1	PART 1	7	66	His Opinions as to the Christian Religion	He would not indeed allow the cross to be borne before them in processions, because, as he said, on it so exalted a person had been nailed and put to death.	Kambalu	Beijing					allow,had	leave,throw
1	PART 1	7	67	His Opinions as to the Christian Religion	Some may ask, why if thus partial to the true faith, he did not openly embrace it?	Kambalu	Beijing					did	come
1	PART 1	7	68	His Opinions as to the Christian Religion	He stated his reason to Nicolo and Maffio Polo, when, on his sending them ambassadors to the Pope, they ventured to address to him a few words on the subject.	Kambalu	Beijing	Nicolo,Maffio Polo					
1	PART 1	7	69	His Opinions as to the Christian Religion	+ACI-+ACIAIg- Why,+//0A7//9AL///QC9- +ACIAIg-said he, +ACIAIg-should I become a Christian?+ACIAIg-+ACI-	Kambalu	Beijing					become	go,turn
1	PART 1	7	70	His Opinions as to the Christian Religion	You must yourselves see that the professors of that faith now in this country are ignorant and weak, unable to do any thing extraordinary, while the idolaters have power to do whatever they please.	Kambalu	Beijing					do,do	come,come
1	PART 1	7	71	His Opinions as to the Christian Religion	While I am seated at table, the cups, filled with wine or other beverage, come to me from the middle of the hall spontaneously, without being touched by any human hand.	Kambalu	Beijing			come	come	touched	reach
1	PART 1	7	72	His Opinions as to the Christian Religion	They are able to control bad weather, and force it to retire to any quarter of the heavens+ADs- 	Kambalu	Beijing					force,retire	push,draw,thrust,drive,pull,retreat
1	PART 1	7	73	His Opinions as to the Christian Religion	they can perform other wonderful things of the same nature.	Kambalu	Beijing						
1	PART 1	7	74	His Opinions as to the Christian Religion	You have witnessed their idols exercising the faculty of speech, and predicting whatever events are inquired into.	Kambalu	Beijing						
1	PART 1	7	75	His Opinions as to the Christian Religion	Should I become a convert and profess Christianity, the nobles of my court, and others disinclined to the faith, will ask what adequate motives have induced me to be baptized.	Kambalu	Beijing					become,induced	go,turn,rush,hasten
1	PART 1	7	76	His Opinions as to the Christian Religion	What wonders, what miracles, they will say, have its ministers performed?	Kambalu	Beijing					have	throw
1	PART 1	7	77	His Opinions as to the Christian Religion	But the idolaters declare, that their exhibitions are made through their own holiness and the might of their idols.	Kambalu	Beijing					made	reach,draw,throw
1	PART 1	7	78	His Opinions as to the Christian Religion	To this I shall be unable to make any answer, and be considered as labouring under a grievous mistake, while the heathen teachers, by the profound art which they display, may easily accomplish my death.	Kambalu	Beijing					make,labouring,accomplish	reach,draw,throw,tug,drive,push,reach
1	PART 1	7	79	His Opinions as to the Christian Religion	Return, however, to your pontiff, and present to him my request, that he would send a hundred persons learned in your law, who, when confronted with the others, will be able to control them, and while proving themselves endowed with similar skill, shall render their antagonists unable in their presence to carry on these practices.	Kambalu	Beijing					proving,render,carry	rise,return,run
1	PART 1	7	80	His Opinions as to the Christian Religion	On witnessing this, I will interdict the exercise of their religion, and suffer myself to be baptized.	Kambalu	Beijing						
1	PART 1	7	81	His Opinions as to the Christian Religion	This example will be followed by all my nobility, and by my subjects in general +ADs-	Kambalu	Beijing					followed	come
1	PART 1	7	82	His Opinions as to the Christian Religion	 so that the Christians in these regions will become more numerous than those inhabiting your own country+//0A7//9AL///QC9-.	Kambalu	Beijing					become	go,turn
1	PART 1	7	83	His Opinions as to the Christian Religion	From this language it evidently appears that had the pope sent out persons duly qualified to preach the gospel, the great Khan would have embraced that faith, for which he certainly entertained a strong predilection.	Kambalu	Beijing	Khan				had,have	throw,throw
1	PART 1	8	84	Rewards bestowed on his Soldiers	Now let us tell of the officers and barons of the great Khan, and how he rewarded those who fought with him in the battle against Nayan.	Kambalu	Beijing	Khan,Nayan				fought	press,push
1	PART 1	8	85	Rewards bestowed on his Soldiers	To those who commanded 100 men, he gave the command of 1000, and to those of 1000 that of 10,000 +ADs- 	Kambalu	Beijing					gave	reach,throw,leave,return,pass
1	PART 1	8	86	Rewards bestowed on his Soldiers	+ACI-and he bestowed, according to their rank, tablets of gold or of silver, on all of which was written,+AC0AIgAi-By the might of the great God, and by the favour which he gave to our emperor : may that prince be blessed, and may all those who do not obey him die and be destroyed+//0A7//9AL///QC9-.+ACIAIg-+ACI-	Kambalu	Beijing					gave,die	reach,throw,leave,return,pass,exit,go,pass
1	PART 1	8	87	Rewards bestowed on his Soldiers	Those who hold these documents enjoy certain privileges, with written instructions how they are to exercise their authority.	Kambalu	Beijing						
1	PART 1	8	88	Rewards bestowed on his Soldiers	He who commands 100,000 men receives a golden one, weighing 300 saggi, under which is sculptured a lion on one side, and on the other the sun and moon.	Kambalu	Beijing					weighing	press
1	PART 1	8	89	Rewards bestowed on his Soldiers	Those who bear these noble tablets have instructions, that whenever they ride they should bear above their head an umbrella of gold, and as often as they are seated, it should be upon silver.	Kambalu	Beijing						
1	PART 1	8	90	Rewards bestowed on his Soldiers	There are also tablets whereon is sculptured a gerfalcon, which he gives to three great barons, who have then equal authority with himself.	Kambalu	Beijing						
1	PART 1	8	91	Rewards bestowed on his Soldiers	They can take, whenever they please, and lead from place to place, the troops and horses of any prince or king+ADs- 	Kambalu	Beijing					take,lead	drive,run,pass,go,leave
1	PART 1	8	92	Rewards bestowed on his Soldiers	and whoever dares to disobey in any thing their will and mandate, must die as a rebel to the sovereign.	Kambalu	Beijing					die	exit,go,pass
1	PART 1	8	93	Rewards bestowed on his Soldiers	Now let us speak of the outward form and manners of this mighty prince.	Kambalu	Beijing						
1	PART 1	9	94	The Person of Kublai+AC0-His Wives, Concubines, and Sons	The great Khan, lord of lords, named Kublai, is of a fine middle size, neither too tall nor too short+ADs- 	Kambalu	Beijing	Khan,Kublai					
1	PART 1	9	95	The Person of Kublai+AC0-His Wives, Concubines, and Sons	he has a beautiful fresh complexion, and well+AC0-proportioned limbs.	Kambalu	Beijing						
1	PART 1	9	96	The Person of Kublai+AC0-His Wives, Concubines, and Sons	His colour is fair and vermeil like the rose, his eyes dark and fine, his nose well formed and placed.	Kambalu	Beijing						
1	PART 1	9	97	The Person of Kublai+AC0-His Wives, Concubines, and Sons	He has four ladies, who always rank as his wives +ADs- 	Kambalu	Beijing						
1	PART 1	9	98	The Person of Kublai+AC0-His Wives, Concubines, and Sons	and the eldest son, born to him by one of them, succeeds as the rightful heir of the empire.	Kambalu	Beijing						
1	PART 1	9	99	The Person of Kublai+AC0-His Wives, Concubines, and Sons	They are named empresses +ADs- 	Kambalu	Beijing						
1	PART 1	9	100	The Person of Kublai+AC0-His Wives, Concubines, and Sons	each bears his name, and holds a court of her own+ADs- 	Kambalu	Beijing						
1	PART 1	9	101	The Person of Kublai+AC0-His Wives, Concubines, and Sons	there is not one who has not 300 beautiful maidens, with eunuchs, and many other male and female attendants, so that some of the courts of these ladies contain 10,000 persons+ADs- 	Kambalu	Beijing						
1	PART 1	9	102	The Person of Kublai+AC0-His Wives, Concubines, and Sons	and when he wishes to visit any one, he makes her come to his apartment, or sometimes goes to hers.	Kambalu	Beijing			come	come		
1	PART 1	9	103	The Person of Kublai+AC0-His Wives, Concubines, and Sons	He maintains also a number of concubines.	Kambalu	Beijing						
1	PART 1	9	104	The Person of Kublai+AC0-His Wives, Concubines, and Sons	There is a race of Tartars who are called Migrat or Ungrat,and are a very handsome people.	Kambalu	Beijing						
1	PART 1	9	105	The Person of Kublai+AC0-His Wives, Concubines, and Sons	From them are selected 100 girls,the most beautiful in all their country, who are conducted to court.	Kambalu	Beijing						
1	PART 1	9	106	The Person of Kublai+AC0-His Wives, Concubines, and Sons	He makes them be guarded by the ladies of the palace +ADs- 	Kambalu	Beijing						
1	PART 1	9	107	The Person of Kublai+AC0-His Wives, Concubines, and Sons	and they are examined if they have a sweet breath, and be sound in all their limbs.	Kambalu	Beijing						
1	PART 1	9	108	The Person of Kublai+AC0-His Wives, Concubines, and Sons	Those that are approved in every respect wait upon their great lord in the following order: six of them attend every three days, then other six come in their place, and so on throughout the year.	Kambalu	Beijing			come	come	following	come
1	PART 1	9	109	The Person of Kublai+AC0-His Wives, Concubines, and Sons	It may be asked, if the people of this province do not feel aggrieved by having their children thus forcibly taken away.	Kambalu	Beijing					having,taken	throw,drive
1	PART 1	9	110	The Person of Kublai+AC0-His Wives, Concubines, and Sons	Assuredly not: on the contrary, they regard it as a favour and an honour+ADs- 	Kambalu	Beijing						
1	PART 1	9	111	The Person of Kublai+AC0-His Wives, Concubines, and Sons	and the fathers feel highly gratified when their daughters are thus selected.	Kambalu	Beijing						
1	PART 1	9	112	The Person of Kublai+AC0-His Wives, Concubines, and Sons	If, says one, my daughter is born under an auspicious planet, his majesty can best fulfil her destiny by marrying her more nobly than I can do.	Kambalu	Beijing					do	come
1	PART 1	9	113	The Person of Kublai+AC0-His Wives, Concubines, and Sons	On the contrary, if the young lady, by bad conduct or any misfortune, be found disqualified, he attributes the disappointment to her malignant stars.	Kambalu	Beijing						
1	PART 1	9	114	The Person of Kublai+AC0-His Wives, Concubines, and Sons	Know, too, that the great Khan has by his wives twenty+AC0-two sons +ADs- 	Kambalu	Beijing	Khan					
1	PART 1	9	115	The Person of Kublai+AC0-His Wives, Concubines, and Sons	the elder was named Gyngym Khan, and was to be lord of all the empire after his father +ADs- 	Kambalu	Beijing	Gyngym Khan					
1	PART 1	9	116	The Person of Kublai+AC0-His Wives, Concubines, and Sons	but he died, leaving a son named Temur, who in time will succeed +ADs- 	Kambalu	Beijing	Temur		leaving	leaving	died	exit,go,pass
1	PART 1	9	117	The Person of Kublai+AC0-His Wives, Concubines, and Sons	he is a wise and good man, tried in many battles.	Kambalu	Beijing						
1	PART 1	9	118	The Person of Kublai+AC0-His Wives, Concubines, and Sons	The monarch has also twenty+AC0-five sons by his concubines+ADs- 	Kambalu	Beijing						
1	PART 1	9	119	The Person of Kublai+AC0-His Wives, Concubines, and Sons	and each is a great baron+ADs- 	Kambalu	Beijing						
1	PART 1	9	120	The Person of Kublai+AC0-His Wives, Concubines, and Sons	and of the twenty+AC0-two sons by his four wives, seven reign over large kingdoms, like wise and good men, because they resemble their father,+AC0- and he is the best ruler of nations and conductor of wars in the world.	Kambalu	Beijing						
1	PART 1	9	121	The Person of Kublai+AC0-His Wives, Concubines, and Sons	Now Ihave told you about himself, his wives, sons, and concubines +ADs-	Kambalu	Beijing						
1	PART 1	9	122	The Person of Kublai+AC0-His Wives, Concubines, and Sons	 next I will relate how he holds his court.	Kambalu	Beijing						
1	PART 1	10	123	His magnificent Palace in Kambalu	He resides in the vast city of Kambalu, three months in the year, December, January, and February, and has here his great palace, which I will now describe.	Kambalu	Beijing		Kambalu			describe	draw
1	PART 1	10	124	His magnificent Palace in Kambalu	It is a complete square, a mile long on every side, so that the whole is four miles in circuit +ADs- 	Kambalu	Beijing						
1	PART 1	10	125	His magnificent Palace in Kambalu	and in each angle is a very fine edifice, containing bows, arrows, cords, saddles, bridles, and all other implements of war.	Kambalu	Beijing						
1	PART 1	10	126	His magnificent Palace in Kambalu	In the middle of the wall between these four edifices are others, making altogether eight, filled with stores, and each containing only a single article.	Kambalu	Beijing					making	reach,draw,throw
1	PART 1	10	127	His magnificent Palace in Kambalu	Towards the south are five gates, the middle one very large, never opened nor shut unless when the great Khan is to pass through +ADs- 	Kambalu	Beijing	Khan		pass	pass		
1	PART 1	10	128	His magnificent Palace in Kambalu	while on the other side is one by which all enter in common.	Kambalu	Beijing						
1	PART 1	10	129	His magnificent Palace in Kambalu	Within that wall is another, containing eight edifices similarly constructed +ADs- 	Kambalu	Beijing						
1	PART 1	10	130	His magnificent Palace in Kambalu	in which is lodged the wardrobe of the sovereign.	Kambalu	Beijing					lodged	file,stick
1	PART 1	10	131	His magnificent Palace in Kambalu	These walls enclose the palace of that mighty lord, which is the greatest that ever was seen.	Kambalu	Beijing						
1	PART 1	10	132	His magnificent Palace in Kambalu	The floor rises ten palms above the ground, and the roof is exceedingly lofty.	Kambalu	Beijing						
1	PART 1	10	133	His magnificent Palace in Kambalu	The walls of the chambers and stairs are all covered with gold and silver, and adorned with pictures of dragons, horses, and other races of animals.	Kambalu	Beijing					covered	cross,traverse
1	PART 1	10	134	His magnificent Palace in Kambalu	The hall is so spacious that 6000 can sit down to banquet +ADs- 	Kambalu	Beijing					sit	ride
1	PART 1	10	135	His magnificent Palace in Kambalu	and the numberof apartmentais incredible.	Kambalu	Beijing						
1	PART 1	10	136	His magnificent Palace in Kambalu	The roof is externally painted with red, blue, green, and other colours, and is so varnished that it shines like crystal, and is seen to a great distance around.	Kambalu	Beijing						
1	PART 1	10	137	His magnificent Palace in Kambalu	It is also very strongly and durably built.	Kambalu	Beijing						
1	PART 1	10	138	His magnificent Palace in Kambalu	Between the walls are pleasant meadows filled with various living creatures, as white stags, the musk animal, deer, wild goats, ermines, and other beautiful creatures.	Kambalu	Beijing					living	go
1	PART 1	10	139	His magnificent Palace in Kambalu	The whole enclosure is full of animals, except the path by which men pass.	Kambalu	Beijing						
1	PART 1	10	140	His magnificent Palace in Kambalu	On the other side, towards the south, is a magnificent lake, whither many kinds of fish are brought and nourished.	Kambalu	Beijing						
1	PART 1	10	141	His magnificent Palace in Kambalu	A river enters and flows out +ADs- 	Kambalu	Beijing						
1	PART 1	10	142	His magnificent Palace in Kambalu	but the fish are retained by iron gratings.	Kambalu	Beijing						
1	PART 1	10	143	His magnificent Palace in Kambalu	Towards the north, about a bowshot from the palace, Kublai has constructed a mound, full a hundred paces high and a mile in circuit, all covered with evergreen trees which never shed their leaves.	Kambalu	Beijing	Kublai				covered,shed	cross,traverse,throw,drop
1	PART 1	10	144	His magnificent Palace in Kambalu	When he hears of a beautiful tree, he causes it to be dug up, with all the roots and the earth round it, and to be conveyed to him on the backs of elephants, whence the eminence has been made verdant all over, and is called the green mountain.	Kambalu	Beijing					made	reach,draw,throw
1	PART 1	10	145	His magnificent Palace in Kambalu	On the top is a palace, also covered with verdure +ADs- 	Kambalu	Beijing					covered	cross,traverse
1	PART 1	10	146	His magnificent Palace in Kambalu	it and the trees are so lovely that all who look upon them feel delight and joy.	Kambalu	Beijing						
1	PART 1	10	147	His magnificent Palace in Kambalu	In the vicinity is another palace, where resides the grandson of the great Khan, Temur, who is to reign after him, and who follows the same life and customs as his grandsire.	Kambalu	Beijing	Khan,Temur					
1	PART 1	10	148	His magnificent Palace in Kambalu	He has already a golden bull and the imperial seal +ADs-	Kambalu	Beijing						
1	PART 1	10	149	His magnificent Palace in Kambalu	 but he has no authority while his grandfather lives.	Kambalu	Beijing						
1	PART 1	11	150	Description of the City of Kambalu	Having described to you the palaces, I will tell you of the great city of Cathay, which contains them.	Kambalu	Beijing		Cathay			Having,described	throw,draw
1	PART 1	11	151	Description of the City of Kambalu	Near it is another large and splendid one, also named Kambalu, which means in our language city of the lord+ADs- 	Kambalu	Beijing		 Kambalu				
1	PART 1	11	152	Description of the City of Kambalu	but the monarch, finding by astrology that this town would rebel, built another near it, divided only by a river, and bearing the same name, to which its inhabitants were compelled to remove.	Kambalu	Beijing					rebel	rise
1	PART 1	11	153	Description of the City of Kambalu	It forms a regular square, six miles on each side, and thus twenty+AC0-four miles in circumference.	Kambalu	Beijing						
1	PART 1	11	154	Description of the City of Kambalu	It is surrounded by walls of earth, ten paces thick and twenty in height+ADs- yet the upper part becomes gradually thinner, so that at top the breadth is only three paces.	Kambalu	Beijing					surrounded	skirt
1	PART 1	11	155	Description of the City of Kambalu	There are twelve gates, each containing an edifice, making one in each square of that wall, and filled with men, who guard the place.	Kambalu	Beijing					making	reach,draw,throw
1	PART 1	11	156	Description of the City of Kambalu	The streets are so broad and so straight that from one gate another is visible.	Kambalu	Beijing						
1	PART 1	11	157	Description of the City of Kambalu	It contains many beautiful houses and palaces, and a very large one in the midst, containing a steeple with a large bell, which at night sounds three times +ADs- 	Kambalu	Beijing						
1	PART 1	11	158	Description of the City of Kambalu	after which no man must leave the city without some urgent necessity, as of sickness, or a woman about to beara child.	Kambalu	Beijing			leave	leave		
1	PART 1	11	159	Description of the City of Kambalu	At each gate a thousand men keep guard, not from dread of any enemy, but in reverence of the monarch who dwells within it, and to prevent injury by robbers.	Kambalu	Beijing						
1	PART 1	12	160	The Suburbs+AC0-Merchants	When the monarch comes to his chief city, he remains in his noble palace three days and no more, when he holds a great court, making high festival and rejoicing with his ladies.	Kambalu	Beijing					making	reach,draw,throw
1	PART 1	12	161	The Suburbs+AC0-Merchants	There is a vast abundance of people through all the suburbs of Kambalu, which are twelve in number, one corresponding to each gate +ADs- 	Kambalu	Beijing		Kambalu				
1	PART 1	12	162	The Suburbs+AC0-Merchants	no one can count the number of residents +ADs- 	Kambalu	Beijing						
1	PART 1	12	163	The Suburbs+AC0-Merchants	and they contain as stately edifices as any in the city, except the king's Palace.	Kambalu	Beijing						
1	PART 1	12	164	The Suburbs+AC0-Merchants	No one is allowed to be buried within the city +ADs- 	Kambalu	Beijing					allowed	leave
1	PART 1	12	165	The Suburbs+AC0-Merchants	and no females of bad character can reside there, but must have their dwellings in the suburbs, where there are said to be no fewer than 20,000.	Kambalu	Beijing					have	throw
1	PART 1	12	166	The Suburbs+AC0-Merchants	There are brought also to Kambalu the most costly articles in the world, the finest productions of India, as precious stones and pearls, with all the produce of Cathay and the surrounding countries, in order to supply the lords and the barons and ladies who reside there.	Kambalu	Beijing		Kambalu,India,Cathay				
1	PART 1	12	167	The Suburbs+AC0-Merchants	Numerous merchants, likewise, bring more than a thousand wagons laden with grain+ADs- 	Kambalu	Beijing						
1	PART 1	12	168	The Suburbs+AC0-Merchants	and all who are within a hundred miles of the city come thither to purchase what they want.	Kambalu	Beijing						
1	PART 1	13	169	Wicked Administration of Achmac+AC0-Insurrection	I will hereafter particularly mention a council of twelve persons, having power to dispose at will of the lands, governments, and all things belonging to the state.	Kambalu	Beijing					having,dispose,belonging	throw,toss,fling,go
1	PART 1	13	170	Wicked Administration of Achmac+AC0-Insurrection	One of these, a Saracen, named Achmac, had acquired an extraordinary influence with the great Khan +ADs- 	Kambalu	Beijing	Achmac,Khan				had	throw
1	PART 1	13	171	Wicked Administration of Achmac+AC0-Insurrection	indeed his master was so infatuated with him that he allowed him the most uncontrolled license.	Kambalu	Beijing					allowed	leave
1	PART 1	13	172	Wicked Administration of Achmac+AC0-Insurrection	It was even discovered after his death that he had employed spells to fascinate the Khan, and compel him to give full credit to what was told him by his favourite, who was thus enabled to conduct public affairs according to his pleasure.	Kambalu	Beijing	Khan				had,give	throw,reach,throw,leave,return,pass
1	PART 1	13	173	Wicked Administration of Achmac+AC0-Insurrection	+ACI-He disposed of all the commands and public offices+ADs- passed sentence upon offenders+ADs- and when desirous to inflict an injury on any one whom he hated, needed only to go to the emperor and say, +ACIAIg-such a man has been guilty of an offence against your majesty, and deserves death.+ACIAIg-+ACI-	Kambalu	Beijing			passed,go	passed,go	disposed	toss,fling
1	PART 1	13	174	Wicked Administration of Achmac+AC0-Insurrection	The monarch usually replied, do as you judge best, and Achmac then ordered him to be immediately executed.	Kambalu	Beijing	Achmac				executed	run
1	PART 1	13	175	Wicked Administration of Achmac+AC0-Insurrection	So manifest were the proofs of his influence, and of the sovereign's implicit reliance on his statements, that no one dared to contradict him on any occasion +ADs- 	Kambalu	Beijing						
1	PART 1	13	176	Wicked Administration of Achmac+AC0-Insurrection	even those highest in office stood in awe of him.	Kambalu	Beijing						
1	PART 1	13	177	Wicked Administration of Achmac+AC0-Insurrection	Any one charged by him with a capital offence, whatever means he might employ to justify himself and refute the accusation, could not find an advocate +ADs- 	Kambalu	Beijing					charged	file
1	PART 1	13	178	Wicked Administration of Achmac+AC0-Insurrection	for none dared to oppose the purpose of Achmac.	Kambalu	Beijing	Achmac					
1	PART 1	13	179	Wicked Administration of Achmac+AC0-Insurrection	Thus  he caused unjustly the death of many, and was also enabled to indulge his unlawful propensities.	Kambalu	Beijing						
1	PART 1	13	180	Wicked Administration of Achmac+AC0-Insurrection	Whenever he saw a woman who pleased him, he contrived either to add her to the number of his wives, or to lead her into a criminal intimacy.	Kambalu	Beijing					lead	run,pass,go,leave
1	PART 1	13	181	Wicked Administration of Achmac+AC0-Insurrection	+ACI-On receiving information of any man having a beautiful daughter, he despatched emissaries with instructions to say to him, +ACIAIg- what are your views with regard to this handsome girl? the best thing you can do is to give her to the lord+AC0-vice+AC0-gerent +ADsAIgAi-+ACI-	Kambalu	Beijing					having,do,give	throw,come,reach,throw,leave,return,pass
1	PART 1	13	182	Wicked Administration of Achmac+AC0-Insurrection	+ACI-for so they termed Achmac, implying that he was his majesty's representative +ADs- +ACIAIg-we will induce him to appoint you to a certain government or office for three years+//0A7//9AL///QC9ACIAIg-.+ACI-	Kambalu	Beijing	Achmac				induce	rush,hasten
1	PART 1	13	183	Wicked Administration of Achmac+AC0-Insurrection	The father was thus tempted to give away his child +ADs- 	Kambalu	Beijing					give	reach,throw,leave,return,pass
1	PART 1	13	184	Wicked Administration of Achmac+AC0-Insurrection	and as soon as the affair was arranged, the other went and informed the emperor that a government was vacant, or would become so on a particular day, and recommended the parent as well qualified to discharge its duties.	Kambalu	Beijing			went	went	become,discharge	go,turn,drop
1	PART 1	13	185	Wicked Administration of Achmac+AC0-Insurrection	His majesty consented+ADs- 	Kambalu	Beijing						
1	PART 1	13	186	Wicked Administration of Achmac+AC0-Insurrection	and the appointment was immediately made.	Kambalu	Beijing					made	reach,draw,throw
1	PART 1	13	187	Wicked Administration of Achmac+AC0-Insurrection	Thus, either through ambition to hold high office, or dread of his power, he obtained possession of the fairest females, under the denomination of wives or of concubines.	Kambalu	Beijing					hold	throw
1	PART 1	13	188	Wicked Administration of Achmac+AC0-Insurrection	Besides, he had twenty+AC0-five sons, who held the highest offices in the state, and, availing themselves of his authority, were guilty of similar violent and licentious proceedings.	Kambalu	Beijing					had,held	throw,throw
1	PART 1	13	189	Wicked Administration of Achmac+AC0-Insurrection	He had likewise accumulated great wealth, since every one who obtained an appointment found it requisite to make him a liberal present.	Kambalu	Beijing					had,make	throw,reach,draw,throw
1	PART 1	13	190	Wicked Administration of Achmac+AC0-Insurrection	During a period of twenty+AC0-two years, he exercised this absolute authority.	Kambalu	Beijing						
1	PART 1	13	191	Wicked Administration of Achmac+AC0-Insurrection	At length the Kataians, natives of the country, unable to endure longer his multiplied acts of injustice and violation of domestic rights, began to devise means of bringing about his death and the overthrow of the government.	Kambalu	Beijing					endure	run,go
1	PART 1	13	192	Wicked Administration of Achmac+AC0-Insurrection	Among the leading persons in this plot was Chenku, a commander of 6000 men, in whose family his dissolute conduct had spread dishonour.	Kambalu	Beijing	Chenku				leading,had	run,pass,go,leave,throw
1	PART 1	13	193	Wicked Administration of Achmac+AC0-Insurrection	He proposed the measure to one of his nation, named Vanku, who commanded 10,000 men, and suggested for its execution the period when the great Khan, having completed his three months' residence in Kambalu, should have departed for his palace at Shandu, while his son Gengis had also retired to the place usually visited by him at that season.	Kambalu	Beijing	Vanku,Khan,Gengis	Kambalu,Shandu	departed	departed	having,have,had,retired	throw,throw,throw,retreat
1	PART 1	13	194	Wicked Administration of Achmac+AC0-Insurrection	The charge of the city was then intrusted to Achmac, who communicated all affairs that occurred during his master's absence, and received the necessary instructions.	Kambalu	Beijing	Achmac				communicated,occurred	pass,come,pass
1	PART 1	13	195	Wicked Administration of Achmac+AC0-Insurrection	Vanku and Chenku, having thus consulted together, imparted the design to some leading persons among the Kataians, and also to their friends in various other cities.	Kambalu	Beijing	Vanku,Chenku				having,imparted,leading	throw,leave,run,pass,go,leave
1	PART 1	13	196	Wicked Administration of Achmac+AC0-Insurrection	They formed an agreement, that on a certain day, immediately on perceiving a signal made by fire, they should rise and put to death all persons wearing beards. 	Kambalu	Beijing			rise	rise	made	reach,draw,throw
1	PART 1	13	197	Wicked Administration of Achmac+AC0-Insurrection	This distinction was made because they themselves naturally wanted this appendage, which characterized the Tartars, the Saracens, and the Christians.	Kambalu	Beijing					made	reach,draw,throw
1	PART 1	13	198	Wicked Administration of Achmac+AC0-Insurrection	The grand Khan, having acquired the sovereignty of Kataia, not by any legitimate right, but solely by force of arms, placed no confidence in the natives, and therefore intrusted ail the provincial governments to Tartars, Saracens, Christians, and other foreigners belonging to his household.	Kambalu	Beijing	Khan	Kataia			having,belonging	throw,go
1	PART 1	13	199	Wicked Administration of Achmac+AC0-Insurrection	From this cause his reign was universally detested by the people, who found themselves treated as slaves by the Tartars, and still worse by the Saracens.	Kambalu	Beijing						
1	PART 1	13	200	Wicked Administration of Achmac+AC0-Insurrection	Vanku and Chenku, having thus arranged their plans, succeeded at night in entering the palace+ADs- 	Kambalu	Beijing	Vanku,Chenku		entering	entering	having	throw
1	PART 1	13	201	Wicked Administration of Achmac+AC0-Insurrection	when the former placed himself on one of the royal seats, made the apartment be lighted up, and sent a messenger to Achmac, then residing in the old city.	Kambalu	Beijing	Achmac				made,lighted	reach,draw,throw,fall
1	PART 1	13	202	Wicked Administration of Achmac+AC0-Insurrection	He professed to come from Gengis, the emperor's son, who, he said, had unexpectedly arrived, and required his immediate attendance.	Kambalu	Beijing	Gengis		come,arrived	come,arrived	had	throw
1	PART 1	13	203	Wicked Administration of Achmac+AC0-Insurrection	The viceroy was much surprised by this intelligence +ADs- 	Kambalu	Beijing						
1	PART 1	13	204	Wicked Administration of Achmac+AC0-Insurrection	but, as he stood in awe of the prince, he presently obeyed.	Kambalu	Beijing						
1	PART 1	13	205	Wicked Administration of Achmac+AC0-Insurrection	On passing the gate of the new city, he met the Tartar officer named Kogatai, who commanded the guard of 12,000 men, and who asked him whither hewas going at that late hour.	Kambalu	Beijing	Kogatai		passing,going	passing,going		
1	PART 1	13	206	Wicked Administration of Achmac+AC0-Insurrection	He stated his intention of waiting upon Gengis, whose arrival had just been announced to him.	Kambalu	Beijing	Gengis				had	throw
1	PART 1	13	207	Wicked Administration of Achmac+AC0-Insurrection	+ACI-+ACIAIg-It is very surprising,+ACIAIg- said the officer, +ACIAIg-how he should have come so secretly that I was not apprized of it, so as to send a party of guards to attend him.+ACIAIg-+ACI-	Kambalu	Beijing			come	come	have	throw
1	PART 1	13	208	Wicked Administration of Achmac+AC0-Insurrection	The two Kataians, meantime, felt confident, that if they could succeed in despatching Achmac, they had nothing farther to fear.	Kambalu	Beijing	Achmac				had	throw
1	PART 1	13	209	Wicked Administration of Achmac+AC0-Insurrection	On entering the palace, and seeing so many lights blazing, he prostrated himself before Vanku, whom he supposed to be the prince, when Chenku, who held a sword ready in his hand, severed his head from his body.	Kambalu	Beijing	Vanku,Chenku		entering	entering	held	throw
1	PART 1	13	210	Wicked Administration of Achmac+AC0-Insurrection	Kogatai had stopped at the door +ADs- 	Kambalu	Beijing	Kogatai				had	throw
1	PART 1	13	211	Wicked Administration of Achmac+AC0-Insurrection	but, seeing this catastrophe, he exclaimed that treason was at work, and presently discharged an arrow, which slew Vanku as he sat upon the throne.	Kambalu	Beijing	Vanku				discharged,sat	drop,ride
1	PART 1	13	212	Wicked Administration of Achmac+AC0-Insurrection	He then caused his men to seize the other, and despatched an order to the city to kill every one who should be found abroad.	Kambalu	Beijing						
1	PART 1	13	213	Wicked Administration of Achmac+AC0-Insurrection	The Kataians, however, seeing the conspiracy discovered, one of their chiefs killed, and the survivor a prisoner, remained in their houses, and could not make the concerted signals to the other towns.	Kambalu	Beijing					make	reach,draw,throw
1	PART 1	13	214	Wicked Administration of Achmac+AC0-Insurrection	Kogatai lost no time in sending messengers with a particular relation of these events to the Khan, who, in reply, ordered him diligently to investigate the conspiracy, and to punish according to the degree of their guilt those found implicated in it.	Kambalu	Beijing	Kogatai,Khan					
1	PART 1	13	215	Wicked Administration of Achmac+AC0-Insurrection	Next day, after receiving this command, he examined all the Kataians, and inflicted the punishment of death on the ringleaders.	Kambalu	Beijing						
1	PART 1	13	216	Wicked Administration of Achmac+AC0-Insurrection	Other cities known to have participated in the guilt suffered similar inflictions.	Kambalu	Beijing					known,have,participated	bang,throw,enter
1	PART 1	13	217	Wicked Administration of Achmac+AC0-Insurrection	When his majesty returned to Kambalu, he inquired eagerly into the cause of this disturbance, and learned that the infamous Achmac and seven of his sons (the others being less culpable) had committed several enormities.	Kambalu	Beijing	Achmac	Kambalu	returned	returned	had,committed	throw,pull
1	PART 1	13	218	Wicked Administration of Achmac+AC0-Insurrection	 He gave orders that the treasure, which he had accumulated to an incredible amount, should be removed from his place of residence to the new city, where it was lodged in his own treasury.	Kambalu	Beijing					gave,had,lodged	reach,throw,leave,return,pass,throw,file,stick
1	PART 1	13	219	Wicked Administration of Achmac+AC0-Insurrection	He directed even that his corpse should be disinterred, and thrown into the street, where the dogs might tear it in pieces.	Kambalu	Beijing			thrown	thrown	tear	pull
1	PART 1	13	220	Wicked Administration of Achmac+AC0-Insurrection	The sons, who had pursued the same criminal course with their father, were ordered to be flayed alive.	Kambalu	Beijing					had	throw
1	PART 1	13	221	Wicked Administration of Achmac+AC0-Insurrection	Considering also the principles of the accursed sect of the Saracens, which allow them to indulge in the commission of every crime, and even to murder those who differ from them on points of belief, whence even the detestable Achmac and his sons might have imagined themselves guiltless, he regarded the whole body with contempt and abomination.	Kambalu	Beijing	Achmac				have	throw
1	PART 1	13	222	Wicked Administration of Achmac+AC0-Insurrection	Summoning them to his presence, he forbade the continuance of many practices enjoined in their law, ordering that in future their marriages should be arranged according to the Tartar custom +ADs- 	Kambalu	Beijing						
1	PART 1	13	223	Wicked Administration of Achmac+AC0-Insurrection	and that, in killing animals for food, instead of cutting their throats, they should rip open the stomach.	Kambalu	Beijing					cutting,rip	veer,swerve,skip,pull
1	PART 1	13	224	Wicked Administration of Achmac+AC0-Insurrection	Marco Polo was on the spot when these events took place.	Kambalu	Beijing	Marco Polo				took	drive
1	PART 1	14	225	Guards of the Great Khan	When the great Khan holds a court, he is guarded, on account of his excellency and honour, by 12,000 horsemen, who are called quiesitan, that is, faithful servants of their lord+ADs- 	Kambalu	Beijing	Khan					
1	PART 1	14	226	Guards of the Great Khan	and this he does not from fear but regard to his high dignity.	Kambalu	Beijing						
1	PART 1	14	227	Guards of the Great Khan	Over these 12,000 are four captains, so that each commands 3000+ADs- 	Kambalu	Beijing						
1	PART 1	14	228	Guards of the Great Khan	and they keep guard in turn three days and three nights, eating and drinking at the expense of the prince.	Kambalu	Beijing						
1	PART 1	14	229	Guards of the Great Khan	Then they go away, and another party comes +ADs- 	Kambalu	Beijing						
1	PART 1	14	230	Guards of the Great Khan	and so they proceed throughout the whole year.	Kambalu	Beijing						
1	PART 1	15	231	The Magnificence of his Festivals	When the Khan wishes to celebrate a splendid festival, the tables are so arranged that his is much higher than the others, and he sits on the north, with his face toward the south.	Kambalu	Beijing	Khan					
1	PART 1	15	232	The Magnificence of his Festivals	His first wife is seated beside him on the left, while, on the right, are his sons and nephews, and all those of imperial lineage, who are so stationed that their head is on a level with the feet of the monarch.	Kambalu	Beijing						
1	PART 1	15	233	The Magnificence of his Festivals	The barons sit still lower+ADs- 	Kambalu	Beijing						
1	PART 1	15	234	The Magnificence of his Festivals	while the ladies, daughters, and female relations of the Khan are placed beneath the queen on the left side, and under them all the wives of the barons +ADs- 	Kambalu	Beijing	Khan					
1	PART 1	15	235	The Magnificence of his Festivals	every class knows the spot where they ought to sit.	Kambalu	Beijing					sit	ride
1	PART 1	15	236	The Magnificence of his Festivals	The tables are so arranged that the monarch can see all the company, who are very numerous +ADs- 	Kambalu	Beijing						
1	PART 1	15	237	The Magnificence of his Festivals	and outside of that hall there eat more than 40,000 persons, who have come with presents or remarkable objects from foreign parts, and attend on the days when he holds a court or celebrates a marriage.	Kambalu	Beijing			come	come		
1	PART 1	15	238	The Magnificence of his Festivals	In the midst of this hall is a very large vessel of fine gold, containing wine, and on each side two smaller ones, whence the liquor is poured out into flagons, each containing fully enough for eight men +ADs- 	Kambalu	Beijing						
1	PART 1	15	239	The Magnificence of his Festivals	and one of these is placed between every two guests, who have besides separate cups of gold to drink out of.	Kambalu	Beijing						
1	PART 1	15	240	The Magnificence of his Festivals	This supply of plate is of very great value, and indeed the Khan has so many vessels of gold and silver that none without seeing could possibly believe it.	Kambalu	Beijing	Khan					
1	PART 1	15	241	The Magnificence of his Festivals	At each door of the great hall, or of any part of the palace occupied by his majesty, stand two officers of gigantic height, holding in their hands staves, to prevent persons who enter from touching the threshold.	Kambalu	Beijing					holding,touching	throw,reach
1	PART 1	15	242	The Magnificence of his Festivals	If any one chances to commit this offence, they take from him his garment, which he must redeem by a payment, or if they spare his dress, inflict at least a number of blows fixed by authority.	Kambalu	Beijing					commit	pull
1	PART 1	15	243	The Magnificence of his Festivals	As strangers may not be aware of this prohibition, officers are appointed to warn them of it at the time of introduction.	Kambalu	Beijing						
1	PART 1	15	244	The Magnificence of his Festivals	Since, however, some of the company, on leaving the hall, may be so affected with liquor as to be unable to guard against the accident, it is not then severely punished.	Kambalu	Beijing			leaving	leaving	affected	move
1	PART 1	15	245	The Magnificence of his Festivals	Those who serve the Khan at table are great barons, who hold their mouths carefully wrapped in rich towels of silk and gold, that their breath may not blow upon the dishes.	Kambalu	Beijing	Khan				wrapped,blow	wind,roll,drift,float
1	PART 1	15	246	The Magnificence of his Festivals	When he begins to drink, all the instruments, which are very numerous, are sounded, and while the cup is in his hand, the barons and others present fall on their knees, and make signs of great humility +ADs- 	Kambalu	Beijing					sounded,make	go,reach,draw,throw
1	PART 1	15	247	The Magnificence of his Festivals	this is done every time he drinks, or when new viands are brought in.	Kambalu	Beijing					done	come
1	PART 1	15	248	The Magnificence of his Festivals	These I shall not attempt to recount, since any one may believe that he will have the greatest variety of beasts and birds, wild and domestic, and of fishes in their season, and in the greatest abundance, prepared most delicately in various modes suitable to his magnificence and dignity.	Kambalu	Beijing					have	throw
1	PART 1	15	249	The Magnificence of his Festivals	Every baron or knight brings his wife, and she sits at table along with the other ladies.	Kambalu	Beijing						
1	PART 1	15	250	The Magnificence of his Festivals	 When the great sire has eaten, and the tables are removed, a number of jesters, players, and other witty persons perform various pieces, exciting much mirth and pleasure among the company, who then all depart and go to their homes.	Kambalu	Beijing			depart,go	depart,go		
1	PART 1	16	251	Great Festival at the King's Birthday	The Tartars celebrate a festival on the day of their nativity.	Kambalu	Beijing						
1	PART 1	16	252	Great Festival at the King's Birthday	The birthday of the Khan is on the 28th September, and is the greatest of all, except that at the beginning of the year.	Kambalu	Beijing	Khan					
1	PART 1	16	253	Great Festival at the King's Birthday	On this occasion he clothes himself in robes of beaten gold, and his twelve barons and 12,000 soldiers wear like him dresses of a uniform colour and shape +ADs-	Kambalu	Beijing						
1	PART 1	16	254	Great Festival at the King's Birthday	 not that they are so costly, but similarly made of silk, gilded, and bound by a cincture of gold.	Kambalu	Beijing					made,bound	reach,draw,throw,jump,leap,stick
1	PART 1	16	255	Great Festival at the King's Birthday	Many have these robes adorned with precious stones and pearls, so as to be worth 10,000 golden bezants.	Kambalu	Beijing						
1	PART 1	16	256	Great Festival at the King's Birthday	The great Khan, twelve times in the year, presents to those barons and knights robes of the same colour with his own+ADs- 	Kambalu	Beijing	Khan					
1	PART 1	16	257	Great Festival at the King's Birthday	and this is what no lord in the world can do.	Kambalu	Beijing					do	come
1	PART 1	16	258	Great Festival at the King's Birthday	On the day of his nativity, all the Tartars from every province of the world, who hold lands under him, celebrate a festival, and bring presents suited to their station.	Kambalu	Beijing						
1	PART 1	16	259	Great Festival at the King's Birthday	The same is done by every individual who asks from him any favour or office.	Kambalu	Beijing					done	come
1	PART 1	16	260	Great Festival at the King's Birthday	He has twelve barons who bestow commands on such persons as they think proper.	Kambalu	Beijing						
1	PART 1	16	261	Great Festival at the King's Birthday	On that day, the Christians, Saracens, and all the races of men who are subject to him, make prayers to their gods that they will preserve, and grant him a long, healthy, and happy life.	Kambalu	Beijing						
1	PART 1	16	262	Great Festival at the King's Birthday	I will tell you no more of this festival, but of another which they celebrate at the beginning of the year, called the White Feast.	Kambalu	Beijing						
1	PART 1	17	263	Festival of the New Year	The Tartars begin their year in February,when the Khan and his people celebrate a feast, where all, both men and women, are clothed in white robes.	Kambalu	Beijing	Khan					
1	PART 1	17	264	Festival of the New Year	They consider these as signifying joy and good fortune, and that hence all prosperity will happen to them throughout the year.	Kambalu	Beijing					happen	pass
1	PART 1	17	265	Festival of the New Year	On that day, all who hold land or any dominion under him, make the most magnificent presents in their power, consisting of gold, silver, pearls, precious stones, and rich white cloths+ADs- 	Kambalu	Beijing					make	reach,draw,throw
1	PART 1	17	266	Festival of the New Year	so that, during the whole year, he may have abundance of treasures, and of the means of enjoying himself.	Kambalu	Beijing					have	throw
1	PART 1	17	267	Festival of the New Year	They present also more than 5000 camels, with about 100,000 beautiful white horses.	Kambalu	Beijing						
1	PART 1	17	268	Festival of the New Year	On that day, too, he is gratified with at least 5000 elephants covered with cloths of silk and gold, finely wrought with figures of beasts and birds, and each having on his back a box filled with vessels of gold and silver, and other things necessary for the feast.	Kambalu	Beijing					covered,wrought,having	cross,traverse,turn,run,go,throw
1	PART 1	17	269	Festival of the New Year	They all pass before the great Khan, and form the most brilliant spectacle ever seen in this world.	Kambalu	Beijing	Khan					
1	PART 1	17	270	Festival of the New Year	In the morning of that festal day, before the tables are spread, the kings, generals, counts, astrologers, physicians, falconers, and many other officers and rulers, repair to the hall of the sovereign, and those who are not admitted remain without the palace in a place where the monarch can fully see them.	Kambalu	Beijing						
1	PART 1	17	271	Festival of the New Year	They are in the following order :+AC0-Foremost, his sons, nephews, and others of his lineage, then kings, generals, and others according to their rank.	Kambalu	Beijing					following	come
1	PART 1	17	272	Festival of the New Year	+ACI-As soon as each has taken his place, a great prelate rises and says, with a loud voice,+ACIAIg-incline and adore +ADsAIgAi//0A7//9AL///QC9- and presently all bend down, strike their foreheads on the earth, and make prayers to their master, adoring him as a god.+ACI-	Kambalu	Beijing					taken,incline,bend,strike,make	drive,run,pitch,twist,turn,move,fall,reach,draw,throw
1	PART 1	17	273	Festival of the New Year	This they do four times, and then go to an altar, on which is written the name of the great Khan.	Kambalu	Beijing	Khan		go	go		
1	PART 1	17	274	Festival of the New Year	Then, out of a beautiful box, they pour incense on that table in reverence of him, and return to their place +ADs- 	Kambalu	Beijing						
1	PART 1	17	275	Festival of the New Year	they next make those rich and valuable presents which I have described.	Kambalu	Beijing					described	draw
1	PART 1	17	276	Festival of the New Year	When all these things have been done, and the prince has seen them all, the tables are placed, and they sit down, when the feast is ordered and celebrated in the manner already explained.	Kambalu	Beijing					done	come
1	PART 1	17	277	Festival of the New Year	Now that I have described to you the joy of the White Feast, I will tell you of a most noble thing done by this monarch +ADs-	Kambalu	Beijing					described,done	draw,come
1	PART 1	17	278	Festival of the New Year	 for he has ordered vestments to be bestowed upon the barons there present.	Kambalu	Beijing						
1	PART 1	18	279	Robes bestowed by the Great Khan	He has twelve barons, who are called quiesitan, or the faithful men of the supreme lord.	Kambalu	Beijing						
1	PART 1	18	280	Robes bestowed by the Great Khan	He gives to each thirteen vestments, differing in colour, and adorned with precious stones, pearls, and other great and most valuable articles +ADs- also a golden girdle, and sandals worked with threads of silver, so that each, in these several dresses, appears like a king+ADs- 	Kambalu	Beijing					worked	turn,run,go
1	PART 1	18	281	Robes bestowed by the Great Khan	and there is a regulation what dress ought to be worn at each of the feasts.	Kambalu	Beijing						
1	PART 1	18	282	Robes bestowed by the Great Khan	The monarch has thirteen robes of the same colour with those of his barons, but more costly.	Kambalu	Beijing						
1	PART 1	18	283	Robes bestowed by the Great Khan	And now I will relate a most wonderful thing, namely, that a large lion is led into his presence, which, as soon as it sees him, drops down, and makes a sign of deep humility, owning him for its lord, and moving about without any chain.	Kambalu	Beijing			moving	moving	led	run,pass,go,leave
1	PART 1	18	284	Robes bestowed by the Great Khan	Now you shall hear of the great huntings made by this powerful ruler.	Kambalu	Beijing					made	reach,draw,throw
1	PART 1	19	285	Profusion of Game supplied to his Court	He resides in the city of Cathay, that is Kambalu, three months, December, January, and February, and has commanded that, for forty days' journey round, all the people should engage in hunting and falconry.	Kambalu	Beijing		Cathay,Kambalu				
1	PART 1	19	286	Profusion of Game supplied to his Court	The various lords of nations and lands are ordered to bring to him large beasts, stags, boars, wild+AC0-goats, and other animals.	Kambalu	Beijing						
1	PART 1	19	287	Profusion of Game supplied to his Court	Those at the distance of thirty days' journey send the bodies preserved with the entrails taken out, while those at forty send only the skins, which are employed as furniture for his army.	Kambalu	Beijing					taken	drive
1	PART 1	20	288	Leopards and other wild Animals kept for Hunting	Now let us tell of the beasts which his majesty keeps for hunting.	Kambalu	Beijing						
1	PART 1	20	289	Leopards and other wild Animals kept for Hunting	Among these are leopards and lynxes, or stag+AC0-wolves, well fitted for that purpose.	Kambalu	Beijing					fitted	go
1	PART 1	20	290	Leopards and other wild Animals kept for Hunting	He has also many lions larger than those of Babylon, of a beautiful hair and colour, striped lengthways, black, red, and white, and trained to catch stags, wild+AC0-oxen, hogs, wild+AC0-goats, and asses +ADs- 	Kambalu	Beijing		Babylon				
1	PART 1	20	291	Leopards and other wild Animals kept for Hunting	and it is delightful to see one of these chases, where the hunters go out, carrying the lion in a cage, and with him a small dog.	Kambalu	Beijing					carrying	run
1	PART 1	20	292	Leopards and other wild Animals kept for Hunting	They have likewise abundance of eagles, with which they capture hares, foxes, and even wolves+ADs- 	Kambalu	Beijing						
1	PART 1	20	293	Leopards and other wild Animals kept for Hunting	those which are trained to catch these last are very large, and of great weight, so that no wolf can escape them.	Kambalu	Beijing			escape	escape		
1	PART 1	21	294	His numerous Dogs and splendid Hunting Expeditions	Now let us speak of the dogs kept by this monarch.	Kambalu	Beijing						
1	PART 1	21	295	His numerous Dogs and splendid Hunting Expeditions	He has two barons who are brothers, named Bayam and Migam +ADs- 	Kambalu	Beijing	Bayam,Migam 					
1	PART 1	21	296	His numerous Dogs and splendid Hunting Expeditions	they are called cinuci, that is, the keepers of mastiff dogs, and each commands a party of 10,000 men, one clothed in vermilion, and the other in blue+ADs- 	Kambalu	Beijing						
1	PART 1	21	297	His numerous Dogs and splendid Hunting Expeditions	whenever they go out with the monarch they are dressed in these vestments.	Kambalu	Beijing						
1	PART 1	21	298	His numerous Dogs and splendid Hunting Expeditions	In each party there are 2000 of the men, who guide respectively one, two, or more large mastiffs, making altogether a vast multitude.	Kambalu	Beijing					making	reach,draw,throw
1	PART 1	21	299	His numerous Dogs and splendid Hunting Expeditions	When his majesty goes to hunt, these two brothers attend him on opposite sides, each with 10,000 men and 5000 dogs+ADs- and they hunt thus a day's journey distant from each other, and never pursue any animal which is not captured.	Kambalu	Beijing						
1	PART 1	21	300	His numerous Dogs and splendid Hunting Expeditions	It is indeed beautiful to see the speed of these dogs and the hunters, for when the prince goes out with his barons, boars and other animals are running on every side, and the dogs pursuing.	Kambalu	Beijing			running	running		
