Entity Name,Alternative Name,Tag,Reference,
ABASCIA,Abyssinia,Location,Murray,
Abacan,,Person,Yule,
Abaji,,Person,Yule,
Abaka,Abaga,Person,Yule,
Abano,,Person,Yule,
Abash,Habsh,Location,Yule,
Abba Gregory,,FALSE,Yule,
Abbott,,Person,Yule,
Abdul Kuri islands,,Location,Yule,
Abher,,FALSE,Yule,
Abnús,,FALSE,Yule,
Abraha,,Person,Yule,
Abraiaman,,Person,Yule,
Abraiamain ,Bramins,Person,,
Abubakr,,Person,Yule,
Abulfeda,,Person,Yule,
Abyssinia,Abash,Person,Yule,
Acbalec Manzi,,Location,Yule,
Accambale,,Person,Yule,
Achalech-Manji,,Location,Murray,
Achin,"Acheh,Achem",FALSE,Yule,
Achmac,,Person,Murray,
Achmath,Ahmad,Person,Yule,
Acomat,,Person,Murray,
Acomat Soldan,Ahmad Sultan,Person,Yule,
Acorn bread,,FALSE,Yule,
Acqui,,Person,Yule,
Acre,,Location,Murray,Yule
Adam,,Person,Yule,
Adam's Peak,,Location,Murray,
Adamodana,,FALSE,Yule,
Adel,,FALSE,Yule,
Aden,,Location,Murray,Yule
Aden,Adel,Location,Murray,
Adoration of the Emperor,,FALSE,Yule,
Adulis,,FALSE,Yule,
Aepyornis and its eggs,,FALSE,Yule,
Africa,,Location,Yule,
Agathou Daimonos,,Location,Yule,
Aghrukji or Ukuruji,,Person,Yule,
Agricola,,Person,Yule,
Aguil,,Person,Yule,
Ahmad of Fenaket,,Person,Yule,
Ahmadi,,Location,Yule,
Aidhab,,FALSE,Yule,
Aidhej,,FALSE,Yule,
Aijaruc,,Person,Yule,
Aikah Nowin,,Person,Yule,
Ajmir,,FALSE,Yule,
Ak-Bulak salt-mines,,Location,Yule,
Ak-khoja,,FALSE,Yule,
Akaas of Bolor,,FALSE,Yule,
Akbar and Kublai,,Person,Yule,
AkhaltzikÃ© ,, ,Yule,
Akhtuba,,Location,Yule,
Aktar,,FALSE,Yule,
Al Biruni,,FALSE,Yule,
Alabastri,,FALSE,Yule,
Alacou,,FALSE,Yule,
Alacou,Hukalu,FALSE,Yule,
Alamut,,Location,Yule,
Alania,,FALSE,Yule,
Alans,,Person,Yule,
Alaodin,,Person,Murray,
Alaone,,FALSE,Yule,
Alarm Tower,,Location,Yule,
Alau,,Person,Murray,Yule
Alauddin,Alaodin,Person,Yule,
Albenigaras,,FALSE,Yule,
Alboquerque,,FALSE,Yule,
Alchemy,,FALSE,Yule,
Alexander III,,Person,Yule,
Alexander IV,,Person,Yule,
Alexander the Great,,Person,Yule,
Alexandria,,Location,Yule,
Alidada,,FALSE,Yule,
Alihaiya,,Person,Yule,
Alinak,,FALSE,Yule,
Alligator,,FALSE,Yule,
Almalik,,FALSE,Yule,
Almanacs,,FALSE,Yule,
Almonds,,FALSE,Yule,
Aloes,,FALSE,Yule,
Altai,Altay,Location,Yule,
Altai Mountains,,Location,Murray,
Altun-Khan,,Location,Yule,
Alï¿½Ramni,, ,Yule,
Amazons,,Location,Yule,
Ambergris,,FALSE,Yule,
Amda Zion,,Person,Yule,
Ameri,,FALSE,Yule,
Amhara,,FALSE,Yule,
Amien,,FALSE,Yule,
Amita Buddha,,FALSE,Yule,
Amphora,,FALSE,Yule,
Amu,Bamoo,Location,Murray,
Ananda,,Person,Yule,
Anaurahta,,Person,Yule,
Ancestor Worship,,FALSE,Yule,
Anchors,,FALSE,Yule,
Andaine,,FALSE,Yule,
Andaman ,,FALSE,Yule,
Andragiri,,FALSE,Yule,
Andreas,,Person,Yule,
Andrew,,Person,Yule,
Andromeda ovalifolia,,FALSE,Yule,
Andun,,FALSE,Yule,
Angaman,Andaman,Location,Murray,
Angamanain,Andaman,Location,Yule,
Angelic French,,FALSE,Yule,
Animal Patterns,,FALSE,Yule,
Anin,,Location,Yule,
Annals of the Indoï¿½Chinese States,, ,Yule,
Antarctic,,FALSE,Yule,
Anthropoides Virgo,,FALSE,Yule,
Antongil Bay,,FALSE,Yule,
Anï¿½r,, ,Yule,
Apostoille,,FALSE,Yule,
Apples of Paradise ,,FALSE,Yule,
Apushka,Apusca,FALSE,Yule,
Arab Seamen's Traditions about Java,,Person,Yule,
Arabadni,,FALSE,Yule,
Arabi ,,Organization,Yule,
Arabia,,FALSE,Yule,
Arachoti,,FALSE,Yule,
Araines,,FALSE,Yule,
Arakan,,FALSE,Yule,
Aram,Harï¿½mi, ,Yule,
Ararat,,Location,Murray,Yule
Arblasts,,FALSE,Yule,
Arbre Sec,,FALSE,Yule,
Arbre Sol ,Arbre Sec,Location,Yule,
Arcali,,FALSE,Yule,
Archbishop of Socotra,,FALSE,Yule,
Architectural remains in Indoï¿½China,, ,Yule,
Areca,,FALSE,Yule,
Areng Saccharifera,,FALSE,Yule,
Argaeus,,FALSE,Yule,
Argali,,FALSE,Yule,
Arghun Khan,Argon, Person,Yule,
Argiron,Erzeroum,Location,Murray,
Argon,,Person,Murray,
Argons,"Half-breeds,Arghï¿½n", ,Yule,
Arii,,FALSE,Yule,
Arikbuga,,Person,Yule,
Arimaspia,,FALSE,Yule,
Ariora Keshimur,,FALSE,Yule,
Aripo,,FALSE,Yule,
Arjish,Arzizi,FALSE,Yule,
Arkasun Noian,,FALSE,Yule,
Arkhaiun,,FALSE,Yule,
Armenia,,Location,Yule,
Armenia the Greater,great Armenia,Location,Murray,
Armenia the Lesser,lesser Armenia,Location,Murray,
Armenian Christians,,FALSE,Yule,
Armenians,,FALSE,Yule,
Arms of Kerman celebrated,,FALSE,Yule,
Arrows,,FALSE,Yule,
Artacki,,FALSE,Yule,
Arts,,FALSE,Yule,
Aru,,FALSE,Yule,
Arucki,,FALSE,Yule,
Aruk,,FALSE,Yule,
Arya Chakravarti,,FALSE,Yule,
Aryavartta,,Person,Yule,
Arzinga,,Location,Murray,
Arzinga,Erzingan,FALSE,Yule,
Arziron,Erzrum,FALSE,Yule,
Arzizi,Arjï¿½sh, ,Yule,
Asbestos and the Salamander,,FALSE,Yule,
Ascelin,,Person,Murray,
Asceticism of the Sensin,,FALSE,Yule,
Asciar,,FALSE,Yule,
Asedin Soldan,Ghaiassuddin Balban,Person,Yule,
Ashishin,,FALSE,Yule,
Asoka,,Person,Yule,
Asper,,FALSE,Yule,
Assassins,,FALSE,Yule,
Asses,,FALSE,Yule,
Asterius,,Person,Yule,
Astrakhan,Gittarchan,FALSE,Yule,
Astrolabe,,FALSE,Yule,
Astrology,,FALSE,Yule,
Atabegs,,FALSE,Yule,
Atkinson's Explorations impunged by Russians,,FALSE,Yule,
Atlas,,FALSE,Yule,
Audh,Oudh,FALSE,Yule,
Aufat,,FALSE,Yule,
Augury,,FALSE,Yule,
Aung Khan,Unc Can,Person,Yule,
Aurangzib,,FALSE,Yule,
Aurora,,FALSE,Yule,
Aussa,,FALSE,Yule,
Avah,"Abah,Ava",Location,,
Avarian,,FALSE,Yule,
Axum,,FALSE,Yule,
Ayas,Layas,FALSE,Yule,
Ayuthia,,FALSE,Yule,
Azumiti,,FALSE,Yule,
Azure,Ultramarine,Location,Yule,
Aás,, ,Yule,
Aï¿½tius,, ,Yule,
Baatau,,Person,Murray,
Baba Buzurg,,FALSE,Yule,
Baboons,,FALSE,Yule,
Babylon,,Location,Yule,
Babylonish garments,,FALSE,Yule,
Baccadeo,,FALSE,Yule,
Baccanor,,FALSE,Yule,
Bacsi,Bakhshi,FALSE,Yule,
Badakhshan,Badashan,Location,Yule,
Badascia,Badakshan,Location,Murray,
Badger,,FALSE,Yule,
Badghï¿½s,, ,Yule,
Badgï¿½r,, ,Yule,
Badruddin Lulu of Mosul,,FALSE,Yule,
Badï¿½ï¿½n,, ,Yule,
Bafk,,FALSE,Yule,
Baft,,FALSE,Yule,
Bagdad,,Location,Murray,
Baghdad,Baudas,FALSE,Yule,
Bagratidae,,FALSE,Yule,
Bahar,,FALSE,Yule,
Bahrein,,FALSE,Yule,
Bahï¿½uddin Ayaz,, ,Yule,
Bai,,FALSE,Yule,
Baiberdon,,FALSE,Yule,
Baidu Khan,,Person,Yule,
Bailo,,FALSE,Yule,
Baiothony,,Person,Murray,
Bakhtyï¿½ris of Luristï¿½n,, ,Yule,
Baksi,,Person,Murray,
Baku,,Location,Murray,
Bala-Sagun,,FALSE,Yule,
Baldacchini,Baudekins,FALSE,Yule,
Baldach,Bagdad,Location,Murray,
Baldwin de Courtenay,,Person,Yule,
Bali,,Location,Yule,
Balios,,FALSE,Yule,
Balish,,FALSE,Yule,
Balista,,FALSE,Yule,
Balk,Balkh,Location,Murray,
Balkhash ,,FALSE,Yule,
Ballaad-ul-Falfal,,FALSE,Yule,
Ballads,,FALSE,Yule,
Ballard,,FALSE,Yule,
Balor,,FALSE,Yule,
Balthazar,,Person,,
Balsamodendron Mukul,,FALSE,Yule,
Balti,,FALSE,Yule,
Balustrade,,FALSE,Yule,
Bam-i-dunyah,,Location,Yule,
Bamboo ,,Location,Yule,
Bamian,,FALSE,Yule,
Bamm,,FALSE,Yule,
Bamo,,Location,Yule,
Bandar Abbas,Bandar-Abbasi,FALSE,Yule,
Bangala,Bengal,Location,Murray,
Bangu,Eastern Siberia,Location,Murray,
Baptism accompanied by branding in Abyssinia,,FALSE,Yule,
Bara,,FALSE,Yule,
Barac,Borrak,Person,Yule,
Barberino,,FALSE,Yule,
Bardesir,,FALSE,Yule,
Bargu ,,FALSE,Yule,
Barguchin Tugrum,,FALSE,Yule,
Barguerlac ,,FALSE,Yule,
Barguzinsk,,FALSE,Yule,
Barin,,FALSE,Yule,
Bark,,FALSE,Yule,
Barka khan,Barca,Person,Yule,
Barka khan,,Person,Murray,
Barkul,,FALSE,Yule,
Barkï¿½t ,, ,Yule,
Barlaam and Josaphat,,FALSE,Yule,
Barley,,FALSE,Yule,
Baroch,,FALSE,Yule,
Baron-tala,,FALSE,Yule,
Barons,,Person,Murray,
Barozzi,,Person,Yule,
Barsauma,St. Brassamo,FALSE,Yule,
Barskul,Barscol,FALSE,Yule,
Barus,,FALSE,Yule,
Barussae Insulae,,FALSE,Yule,
Barygazu,,FALSE,Yule,
Bascra,Bussora,Location,Murray,
Bashai,Pashai,FALSE,Yule,
Basma,,Location,Yule,
Basmuls,,FALSE,Yule,
Baspa Lama and the Mongol character called after him,,FALSE,Yule,
Basra,"Bascra,Bastra",FALSE,Yule,
Bathang,,FALSE,Yule,
Baths,,FALSE,Yule,
Batigala,,FALSE,Yule,
Batochina,,FALSE,Yule,
Bats,,FALSE,Yule,
Battas of Sumatra and their  cannibalism,,FALSE,Yule,
Batthala,Patlam in Ceylon,FALSE,Yule,
Battles,,Person,Yule,
Batu,,Person,Yule,
Baudas,Baghdad,Location,Yule,
Baudekins ,,FALSE,Yule,
Bauduin de Sebourc,,FALSE,Yule,
Bavaria,,Location,Yule,
Bawï¿½rij,, ,Yule,
Bayam,,Person,Murray,
Bayan Chingsian,,Person,Yule,
Bazacata,,FALSE,Yule,
Bdellium,,FALSE,Yule,
Beads,,FALSE,Yule,
Bearcoote,,FALSE,Yule,
Bears,,FALSE,Yule,
Beast and bird patterns on silks,,FALSE,Yule,
Beaten gold,,FALSE,Yule,
Beauty of Georgians,,Person,Yule,
Beds,,FALSE,Yule,
Beef not eaten in Maabar,,FALSE,Yule,
Bejas of the Red Sea Coast,,FALSE,Yule,
Belic,Melic,FALSE,Yule,
Bell,,FALSE,Yule,
Bellal Rajas,,FALSE,Yule,
Belledi,balladi,FALSE,Yule,
Belor,Beloor,Location,Murray,
Bendocquedar,,FALSE,Yule,
Benedict,,Person,Yule,
Benjamin of Tudela on the Gryphon,,FALSE,Yule,
Benzoin,,FALSE,Yule,
Berbera,,Location,Yule,
Berchet,,FALSE,Yule,
Bern MS. Of Polo's Book,,Person,Yule,
Berrie,,FALSE,Yule,
Bettelar,,Person,Yule,
Beyamini,,FALSE,Yule,
Bezant,,FALSE,Yule,
Bhartpur,,FALSE,Yule,
Bianconi,,Person,Yule,
Biar,,FALSE,Yule,
Bibars Bundï¿½kdï¿½ri ,Bendocquedar, ,Yule,
Bielo Osero,,FALSE,Yule,
Bigoncio,,FALSE,Yule,
Bilï¿½chis,, ,Yule,
Binkin,,FALSE,Yule,
Bintang,Pentam,FALSE,Yule,
Birch-bark Books,,FALSE,Yule,
Bird-hunts,,FALSE,Yule,
Birdwood,,FALSE,Yule,
Birhors of Chuta Nagpï¿½r,, ,Yule,
Birthday of the Great Kaan,,FALSE,Yule,
Birï¿½Pandi or Piraï¿½Bandi,, ,Yule,
Bishbalik,,FALSE,Yule,
Bishop,,FALSE,Yule,
Bitter bread,,FALSE,Yule,
Blac,,FALSE,Yule,
Black Crane,,FALSE,Yule,
Blacker the more beautiful,,FALSE,Yule,
Block-books,,FALSE,Yule,
Blood-sucking,,FALSE,Yule,
Blous,, Bloies',FALSE,Yule
Boar's tusks,,FALSE,Yule,
Boccassini,,FALSE,Yule,
Bodhisatva Avalokitecvara,,FALSE,Yule,
Bodleian MS. of Polo,,FALSE,Yule,
Boeach,,FALSE,Yule,
Boemond,,Person,Yule,
Boga,Buka,Person,Yule,
Boghra Khan,,Person,Yule,
Bohea country,,FALSE,Yule,
Boikoff,,FALSE,Yule,
Bokhara,,Location,Murray,
Bokhara,Bocara,FALSE,Yule,
Bolgana,,Person,Yule,
Bolghar,,Person,Yule,
Bolghar,Bolgara,Location,Yule,
Bolivar,,Person,Yule,
Bolor,,FALSE,Yule,
Bombay,,Location,Yule,
Bonga,,FALSE,Yule,
Boni,,Person,Murray,
Boniface,,FALSE,Yule,
Bonoccio di Mestro,,FALSE,Yule,
Bonus,Ebony,FALSE,Yule,
Boodhism in Central Asia,,,Murray,
Book of Marco Polo,,FALSE,Yule,
Bore in Hangchau Estuary,,FALSE,Yule,
Borgal,,FALSE,Yule,
Borneo,,FALSE,Yule,
BoroBodor,,FALSE,Yule,
Borrak,Barac,Person,Yule,
Bostam,,FALSE,Yule,
Bouqueran,,FALSE,Yule,
Boxwood Forests in Georgia,,FALSE,Yule,
Bozzi,,FALSE,Yule,
Bragadino,,Person,Yule,
Brahmanical Thread,,FALSE,Yule,
Brahmans,Abraiaman,Person,Yule,
Brahuis,,FALSE,Yule,
Brakhimov,,FALSE,Yule,
Brambanan,,FALSE,Yule,
Bran diet,,FALSE,Yule,
Brazil,wood,FALSE,Yule,
Brephung monastery,,FALSE,Yule,
Bretesche,,FALSE,Yule,
Brichu,Brius the Upper Kiang,FALSE,Yule,
Bridges,,FALSE,Yule,
Brine-wells,,FALSE,Yule,
British Museum,,Location,Murray,
Brius ,,Location,Yule,
Brius river,,Location,Murray,
Brown,,Person,Yule,
Bruce's Abyssinian Chronology,,FALSE,Yule,
Brunetto Latini's Book,,FALSE,Yule,
Bucephalus,,FALSE,Yule,
Buckrams,,FALSE,Yule,
Buddha,,Person,Yule,
Buddhism,,FALSE,Yule,
Buddhist ,,FALSE,Yule,
Buffet and vessels of Kaan's table,,FALSE,Yule,
Buka,Boga,Person,Yule,
Bularguchi,,FALSE,Yule,
Bulgaria,,Location,Murray,Yule
Bulughï¿½n ,, ,Yule,
Bundï¿½kdï¿½r,, ,Yule,
Burkan Kaldun,,FALSE,Yule,
Burma ,,Person,Yule,
Burnes,,Person,Murray,
Burning paper imitations of property at funerals,,Person,Yule,
Burning the Dead,,FALSE,Yule,
Buryats or Buraets,,FALSE,Yule,
Butchers,,FALSE,Yule,
Butiflis,Mutfili,FALSE,Yule,
Ca-cian-fu,Ho-kien-fou,Location,Murray,
Ca-cian-fu,Tong-tcheou,Location,Murray,
Caaju,,Location,Yule,
Cacanfu ,Hokiang-fu,FALSE,Yule,
Cachanfu,Pï¿½uchau-fu, ,Yule,
Cachar Modun,,FALSE,Yule,
Cachilpatnam,,FALSE,Yule,
Caesalpinia,,FALSE,Yule,
Caesarea of Cappadocia,Casaria,FALSE,Yule,
Cai-gui,Qua-tcheou,Location,Murray,
Caichu,,Location,Yule,
Caidu,,Person,Yule,
Caiju ,,FALSE,Yule,
Caiju,, Kwachau),FALSE,Yule
Cail ,Kail, ,Yule,
Caindu,,Location,Yule,
Caingan,,FALSE,Yule,
Cairo,,Location,Yule,
Caiton,,FALSE,Yule,
Cala Ataperistan,Gueber's Castle,FALSE,Yule,
Calachan,,FALSE,Yule,
Calacian,,Location,Murray,
Calaiate,,FALSE,Yule,
Calamanz,,FALSE,Yule,
Calamina,,FALSE,Yule,
Calatu,,FALSE,Yule,
Calatu,Kalhat,Location,Murray,
Caldwell,,FALSE,Yule,
Calendar,,Person,Yule,
Cali,Kael,Location,Murray,
Calicut,,Person,Yule,
Calif,,Person,Yule,
Caligine,,FALSE,Yule,
Camabaia,Cambay,Location,Murray,
Camadi ,,Location,Yule,
Camandu,,Location,Murray,
Cambaluc,"Khanbalig,Peking",Location,Yule,
Cambay,"Cambaet,Cambeth",Location,Yule,
Cambuscan of Chaucer,,FALSE,Yule,
Camels,,FALSE,Yule,
Camexu,,FALSE,Yule,
Camlets,cammellotti,FALSE,Yule,
Camoens,,FALSE,Yule,
Camphor,,Person,Yule,
Campichu,Kanchau,Location,Yule,
Camut,,Person,Yule,
Can-giu,Kiang-chan-fui,Location,Murray,
Canal,,FALSE,Yule,
Canale,,FALSE,Yule,
Cananor,,FALSE,Yule,
Cananore,,FALSE,Yule,
Canara,,FALSE,Yule,
Cancamum,,FALSE,Yule,
Candahar,,FALSE,Yule,
Cane,,Canes ,FALSE,Yule
Cannibalism,,FALSE,Yule,
Cannibals,,FALSE,Yule,
Canonical Hours,,FALSE,Yule,
Canpicion,Kan-tcheou,Location,Murray,
Cansay,,FALSE,Yule,
Canton,,FALSE,Yule,
Cape Comorin,,FALSE,Yule,
Cape Corrients ,,FALSE,Yule,
Cappidoglio,,FALSE,Yule,
Caracoron ,Kara-Korum, Location,Yule,
Caraian,,Location,Murray,Yule
Carajan ,,Location,Yule,
Caramoran,Hoang-Ho,Location,Yule,
Caraonas,Karaunahs,FALSE,Yule,
Carats,,FALSE,Yule,
Carbine,,FALSE,Yule,
Cardamom,,FALSE,Yule,
Cardinal's Wit,,FALSE,Yule,
Caribs,,FALSE,Yule,
Carpets,,FALSE,Yule,
Carpini,,Person,Murray,
Carriages,,FALSE,Yule,
Carrion shot from engines,,FALSE,Yule,
Casan,,FALSE,Yule,
Casan,Ghazan,Person,Murray,
Casaria,Caesarea of Cappadocia,FALSE,Yule,
Cascar,Cashgar,Location,Murray,
Cascar,Kashgar,FALSE,Yule,
Casem,,FALSE,Yule,
Casoni,,FALSE,Yule,
Caspian Sea ,"Sea of Ghel, sea of Ghelan",FALSE,Yule,
Cassay,,FALSE,Yule,
Cassia,,FALSE,Yule,
Castaldi,,Person,Yule,
Casvin,Kazwï¿½n, ,Yule,
Cat's Head Tablet,,FALSE,Yule,
Catalan Navy,,FALSE,Yule,
Cathay,"Northern China,Kataia",Location,Yule,
Cathayans,,FALSE,Yule,
Catholicos,,FALSE,Yule,
Cators ,,FALSE,Yule,
Cats in China,,FALSE,Yule,
Caucasian Wall,,FALSE,Yule,
Caugigu,,Location,Yule,
Caulking of Chinese ships,,FALSE,Yule,
Cauly,,FALSE,Yule,
Causeway,,Location,Yule,
Cauterising  heads of children,,FALSE,Yule,
Cave-houses,,FALSE,Yule,
Cavo de Eli,,FALSE,Yule,
Caya-fu,,Location,Murray,
Cayu,Kao-yu,FALSE,Yule,
Caï¿½ Polo,, ,Yule,
Celtic Church,,FALSE,Yule,
Census of houses in Kinsay,,FALSE,Yule,
Ceremonial of Mongol Court,,FALSE,Yule,
Ceylon,Seilan,Person,Yule,
Chachan,Charchand,FALSE,Yule,
Chagan-Nur,N.E. of Kamul,FALSE,Yule,
Chagatai,,Person,Yule,
Champa,Chamba,Location,Yule,
Chandra Banu,,FALSE,Yule,
Chandu,"Shangtu,Shandu",Location,Yule,
Chang-y,Chenchu,FALSE,Yule,
Changan,,FALSE,Yule,
Changchau,Chinginju,FALSE,Yule,
Changgan,,FALSE,Yule,
Changlu,,FALSE,Yule,
Changshan,Chanshan,FALSE,Yule,
Chaohien,,FALSE,Yule,
Chaotong,,FALSE,Yule,
Chapu,,FALSE,Yule,
Characters,,FALSE,Yule,
Charchan,Chachan of Johnson Charchand,FALSE,Yule,
Charities of the Kaan,,Person,Yule,
Charlemagne,,Person,Murray,
Chasteaux,,FALSE,Yule,
Chaukans or  temporary wives at Kashgar,,FALSE,Yule,
Chaul,,FALSE,Yule,
Chaym,Kao-yeou,Location,Murray,
Cheapness in China,,FALSE,Yule,
Cheetas,,FALSE,Yule,
Cheinan,,FALSE,Yule,
Chekiang into Fokien,,FALSE,Yule,
Chen-gui ,Yen-tcheou-fou,Location,Murray,
Chenching,Cochin-China,FALSE,Yule,
Chenchu ,,FALSE,Yule,
Cheu,,FALSE,Yule,
Chibai and Chiban,,FALSE,Yule,
Chilaw,,FALSE,Yule,
Chin,,Location,Yule,
Chin-tan,,FALSE,Yule,
China,,Location,Murray,Yule
Chinangli,Tï¿½sinan-fu, ,Yule,
Chinchau,,FALSE,Yule,
Chinese,,Person,Yule,
Chinese empire,,Organization,Murray,
Chinese navigation to India,,,Murray,
Ching-hoang tower at Hangchau-fu,,FALSE,Yule,
Chinghian-fu,Chinkiang-fu,FALSE,Yule,
Chinghiz Khan,Gengis Khan,Person,Yule,
Chinghiz Tora,,FALSE,Yule,
Chinghu,,FALSE,Yule,
Chinginju,Changchau,FALSE,Yule,
Chingintalas,,Location,Yule,
Chingsang,,FALSE,Yule,
Chingting-fu,Acbaluc,FALSE,Yule,
Chingtsu,Yunglo,Location,Yule,
Chinkin,,Person,Yule,
Chinuchi,,FALSE,Yule,
Chinï¿½r,, ,Yule,
Chipangu ,Japan,Location,Yule,
Chisi,Kishm,Location,Murray,
Chitral,,FALSE,Yule,
Chloroxylon,,FALSE,Yule,
Chochau,Juju,FALSE,Yule,
Choiach,,FALSE,Yule,
Chola,,FALSE,Yule,
Chonka ,,Location,Yule,
Chonkwï¿½ ,, ,Yule,
Chorcha,,Location,Yule,
Christian,,Organization,Yule,
Christianity,,FALSE,Yule,
Christians,,Organization,Yule,
Chrocho,The Rukh,Organization,Yule,
Chronology and chronological data discussed,,FALSE,Yule,
Chuchau-fu,,FALSE,Yule,
Chuchu,,FALSE,Yule,
Chungkwï¿½,, ,Yule,
Chungtu,,FALSE,Yule,
Churches,,Location,Yule,
Churchin,,FALSE,Yule,
Ciagatai ,Zagatai,Person,Murray,
Cian-cian,Kiu-tcheou,Location,Murray,
Cian-gli,Te-tcheou,Location,Murray,
Cian-glu,Tsan-tcheou,Location,Murray,
Cianba ,Tsiompa,Location,Murray,
Cianganor,,Location,Murray,
Ciarcian,Karashehr,Location,Murray,
Cielstan,,Location,Yule,
Cin-ghian-fu,Tchin-kiang-fou,Location,Murray,
Cin-ghian-gui,Tchang-tcheon-fou,Location,Murray,
Cin-gui,Sut-zi-hien,Location,Murray,
Cinnamon,,Person,Yule,
Circumcision ,,FALSE,Yule,
Cirophanes,,FALSE,Yule,
Civet of Sumatra,,FALSE,Yule,
Clemenfu ,Tai-yuen-fou,Location,Murray,
Clement IV,,Person,Yule,
Clement IV.,,Person,Murray,
Clepsydra,,FALSE,Yule,
Cloves,,FALSE,Yule,
Coal,,FALSE,Yule,
Cobi or Shamo,,Location,Murray,
Cobinam ,Khubees,Location,Murray,
Cobinan,Kohï¿½Banï¿½n, ,Yule,
Cocachin ,Kukï¿½chin, ,Yule,
Cochin-China,,FALSE,Yule,
Coco Islands,,FALSE,Yule,
Coco-nut,Indian nut,FALSE,Yule,
Cocos Islands,,FALSE,Yule,
Coeur de Lion,,Person,Yule,
Coffins,,FALSE,Yule,
Cogachin,Hukaji,Person,Yule,
Cogatai,,Person,Yule,
Coiganju,Hwaingan-fu,FALSE,Yule,
Coilac,,Location,Murray,
Coilon,,Location,Murray,
Coilum,Kaulam, Quilon),Location,Yule
Coilumin,,FALSE,Yule,
Coins ,,FALSE,Yule,
Coja,Koja,Person,Yule,
Cold,,Location,Yule,
Coleridge,,FALSE,Yule,
Coloman,,FALSE,Yule,
Colombino,,FALSE,Yule,
Colossal Buddhas,,FALSE,Yule,
Columbum,,FALSE,Yule,
Columbus,,FALSE,Yule,
Comania,,FALSE,Yule,
Comari,,Location,Murray,Yule
Combermere,,Location,Yule,
Comorin,,FALSE,Yule,
Comoro Islands,,Location,Yule,
Compartments,,Location,Yule,
Compass,,FALSE,Yule,
Competitive Examinations in beauty,,FALSE,Yule,
Conchi,,Person,Yule,
Conci,,Person,Murray,
Concubines,,FALSE,Yule,
Condi-fu,Tsi-nan-fou,Location,Murray,
Condor,,FALSE,Yule,
Condur and Sondur,,FALSE,Yule,
Condux,,FALSE,Yule,
Conia,,FALSE,Yule,
Conjeveram,,FALSE,Yule,
Conjurers,,Person,Yule,
Conosalmi,Kamasal,FALSE,Yule,
Constantinople,,FALSE,Yule,
Convents,,FALSE,Yule,
Cookery,,FALSE,Yule,
Cooper,,Person,Yule,
Copal,,FALSE,Yule,
Copper,,FALSE,Yule,
Coral,,FALSE,Yule,
Corea,Kauli,FALSE,Yule,
Cormos,Ormus,Location,Murray,
Corn,,FALSE,Yule,
Coromandel ,Maabar,FALSE,Yule,
Corsairs,,FALSE,Yule,
Corte del Milione,,FALSE,Yule,
Corvino,,Person,Murray,
Cosmography,,FALSE,Yule,
Costus,,FALSE,Yule,
Cotan,,FALSE,Yule,
Cotan,Khoten,Location,Murray,
Cotton,,FALSE,Yule,
Counts in Vokhan,,FALSE,Yule,
Couriers of the great khan,,,Murray,
Courts of Justice,,FALSE,Yule,
Cowdung,,FALSE,Yule,
Cowell,,FALSE,Yule,
Cowries,,FALSE,Yule,
Cralantur,,FALSE,Yule,
Cramoisy,quermesis,FALSE,Yule,
Cranes,,FALSE,Yule,
Crawford,,FALSE,Yule,
Creman,Carmania,Location,Murray,
Cremation,,FALSE,Yule,
Cremesor,,FALSE,Yule,
Crocodiles,,FALSE,Yule,
Cross,,FALSE,Yule,
Crossbows,,FALSE,Yule,
Cruelties,,FALSE,Yule,
Crusca MS. of Polo,,FALSE,Yule,
Crusca MS. of the Travels,,Person,Murray,
Cubeb pepper,,FALSE,Yule,
Cubits,,FALSE,Yule,
Cublay,,Person,Yule,
Cucintana,,FALSE,Yule,
Cudgel,,FALSE,Yule,
Cuiju,Kweichau,Location,Yule,
Cuinet,,Location,Yule,
Cuirbouly,,FALSE,Yule,
Cuju,,FALSE,Yule,
Cun-chin,,Location,Murray,
Cuncun ,Han-Chung,Location,Yule,
Cunningham,,Person,Yule,
Cups,,FALSE,Yule,
Curds and Curdistan,,FALSE,Yule,
Curmosa,Hormuz,Location,Yule,
Currency,,Person,Yule,
Current,,FALSE,Yule,
Currents,,FALSE,Yule,
Curtains,,FALSE,Yule,
Curzola ,,Location,Yule,
Curzon,,FALSE,Yule,
Customs,,FALSE,Yule,
Cutch pirates,,FALSE,Yule,
Cuxstac,,FALSE,Yule,
Cuy Khan ,,FALSE,Yule,
Cuyne,Kuynuk,Person,Murray,
Cuyné,Kuynuk, ,Murray,
Cycle,,FALSE,Yule,
Cyn-gui,,Location,Murray,
Cypresses,,FALSE,Yule,
Cyprus,,FALSE,Yule,
Cyrus,,Person,Yule,
D'Alboquerque,,FALSE,Yule,
D'Anghieria,,FALSE,Yule,
D'Ely,,FALSE,Yule,
Da Gama,,FALSE,Yule,
Dabul,,FALSE,Yule,
Dagroian,,Location,Yule,
Dailiu ,Tali,FALSE,Yule,
Dakiï¿½nus,, ,Yule,
Dalada,,FALSE,Yule,
Dalai Lama,,FALSE,Yule,
Dalivar,"Dilivar,Diláwar,Lahore",Location,Yule,
Dalmian,,FALSE,Yule,
Damas,,FALSE,Yule,
Damascus,,Location,Yule,
Damasks,,FALSE,Yule,
Damghan,,FALSE,Yule,
Dancing dervishes,,FALSE,Yule,
Dancing girls,,FALSE,Yule,
Dandolo,,Person,Murray,Yule
Dantapura,,FALSE,Yule,
Dante,,FALSE,Yule,
Darabjird,,FALSE,Yule,
Darah,,FALSE,Yule,
Dariel,,FALSE,Yule,
Darius,,Person,Yule,
Dark Ocean of the South,,FALSE,Yule,
Darkness,,FALSE,Yule,
Darraj,,FALSE,Yule,
Daruna,,Location,Yule,
Darwaz,,FALSE,Yule,
Dasht,,FALSE,Yule,
Dasht-i-Lut,Desert of Lï¿½t), ,Yule,
Dashtistan tribe and district,,FALSE,Yule,
Dashtï¿½b,, ,Yule,
Dates ,,FALSE,Yule,
Daughters of Marco Polo,,FALSE,Yule,
David,,Person,Yule,
Davids,,Person,Yule,
Davis,,Person,Yule,
Dawaro,,FALSE,Yule,
Daya,,FALSE,Yule,
Daï¿½tu,, ,Yule,
De Barros,,FALSE,Yule,
De Bode,,FALSE,Yule,
De Borron,,FALSE,Yule,
De Guignes,,,Murray,
De la Croix,,FALSE,Yule,
Dead,,FALSE,Yule,
Debt,,FALSE,Yule,
Decima,,FALSE,Yule,
Decimal organisation of Tartar armies,,FALSE,Yule,
Decius,,Person,Yule,
Deghï¿½ns,, ,Yule,
Deh Bakri,,FALSE,Yule,
Dehï¿½nah,, ,Yule,
Delhi,,Location,Yule,
Demoiselle Crane,,FALSE,Yule,
Deogir,,FALSE,Yule,
Depopulation of Badakhshan,,FALSE,Yule,
Derbend,,Location,Yule,
Deserts,,FALSE,Yule,
Desgodins,,FALSE,Yule,
Despina Khatun,,FALSE,Yule,
Devadï¿½si,, ,Yule,
Devapattan,,FALSE,Yule,
Devil trees,,FALSE,Yule,
Devil-dancing,,FALSE,Yule,
Devils,,FALSE,Yule,
Devï¿½ria,, ,Yule,
Dhafar (Dofar,, Zhafar),Location,Yule
Dhï¿½lkarnain ,, ,Yule,
Dialects,,FALSE,Yule,
Diamonds in India,,FALSE,Yule,
Dilï¿½war,, ,Yule,
Dimitri II,,Person,Yule,
Dinh Tiï¿½n-hwï¿½ng,, ,Yule,
Dinï¿½r,, ,Yule,
Dinï¿½r of Red Gold,, ,Yule,
Diocletian,,FALSE,Yule,
Dir,,Location,Yule,
Dirakht-i-Fazl,,FALSE,Yule,
Dirakht-i-Kush,,FALSE,Yule,
Dirhem-Kub,,Person,Yule,
Dirï¿½wal,, ,Yule,
Dish of Sakya or of Adam,,FALSE,Yule,
Diu City,,FALSE,Yule,
Diul-Sind,,FALSE,Yule,
Divination by twigs or arrows,,FALSE,Yule,
Dixan,,FALSE,Yule,
Dizabulus,,FALSE,Yule,
Dizful River,,FALSE,Yule,
Djaya,,FALSE,Yule,
Doctors at Kinsay,,FALSE,Yule,
Dofar,,FALSE,Yule,
Dog-headed races,,FALSE,Yule,
Dog-sledging in Far North,,FALSE,Yule,
Dogana,,Location,Yule,
Doghï¿½bah,, ,Yule,
Dogs,,,Murray,Yule
Dolfino,,Person,Yule,
Dolonnï¿½r,, ,Yule,
Dominican friars; their mission to Persia,,,Murray,
Dominicans,,FALSE,Yule,
Dor,,Person,Murray,
Dorah Pass,,FALSE,Yule,
Doria,,Person,Yule,
Dorjï¿½,, ,Yule,
Douglas,,FALSE,Yule,
Doyley,,Person,Yule,
Dragoian,Ta-hua-Mien,FALSE,Yule,
Dragoian,Ta-hua-Mien,FALSE,Yule,
Drawers,,FALSE,Yule,
Dreams,,FALSE,Yule,
Drums,,FALSE,Yule,
Du Bose,,FALSE,Yule,
Du Halde's estimate of the revenues of China,,,Murray,
Dua Khan,,FALSE,Yule,
Ducat,,FALSE,Yule,
Dudley,,FALSE,Yule,
Duel,,FALSE,Yule,
Dufar,Dofar,Location,Murray,
Dufour,,FALSE,Yule,
Duhalde,,FALSE,Yule,
Dukuz Khatun,,FALSE,Yule,
Dulcarnon,Zulkarnain,FALSE,Yule,
Dulites,,FALSE,Yule,
Dumas,,FALSE,Yule,
Dumb trade,,FALSE,Yule,
Duncan,,FALSE,Yule,
Duplicates in geography,,FALSE,Yule,
Durga Temple,,FALSE,Yule,
Dursamand,,FALSE,Yule,
Dust-storms,,FALSE,Yule,
Duties,,FALSE,Yule,
Dutthagamini,,Person,Yule,
Dwara Samudra,,FALSE,Yule,
Dzegun-tala,,FALSE,Yule,
Dzungaria,,FALSE,Yule,
Dï¿½Avezac,, ,Yule,
Dï¿½Orlï¿½ans,, ,Yule,
Dï¿½rerï¿½s Map of Venice,, ,Yule,
Dï¿½rï¿½pur ,, ,Yule,
Eagle mark on shoulder of Georgian kings,,FALSE,Yule,
Eagle-wood,,FALSE,Yule,
Eagles,,FALSE,Yule,
Earth honoured,,FALSE,Yule,
East,,FALSE,Yule,
Ebony,bonus,FALSE,Yule,
Edkins,,FALSE,Yule,
Edward I,,FALSE,Yule,
Edward II,,FALSE,Yule,
Effeminacy,,FALSE,Yule,
Eggs of Ruc and Aepyornis,,FALSE,Yule,
Egrigaia,,Location,Yule,
Egrigaia,Ninghia,Location,Murray,
Eighurs,,Location,Murray,
Ela,cardamom,FALSE,Yule,
Elchidai,,FALSE,Yule,
Elenovka,,FALSE,Yule,
Elephantiasis,,FALSE,Yule,
Elephants,,,Murray,Yule
Eli,,Location,Yule,
Eli,Dely,Location,Murray,
Elima,,FALSE,Yule,
Elixir vitae of the Jogis,,FALSE,Yule,
Elliot,,Person,Yule,
Emad,,Person,Yule,
Embroidery,,Person,Yule,
Empoli,,FALSE,Yule,
Empusa,,FALSE,Yule,
Enchanters,,FALSE,Yule,
Enchantments,,FALSE,Yule,
Engano Island,,FALSE,Yule,
Engineering feat,,FALSE,Yule,
Engineers,,FALSE,Yule,
England,,Person,Yule,
English trade and character in Asia,,FALSE,Yule,
Enlightenment,,Location,Yule,
Entity Name,,Tag,Yule,
Erba,,FALSE,Yule,
Erculin,,FALSE,Yule,
Erdeni Tso,Erdenidsu,FALSE,Yule,
Eremites,Rishis,FALSE,Yule,
Erginul,,Location,Murray,
Erguiul,,Location,Yule,
Erivan,,FALSE,Yule,
Ermine,,FALSE,Yule,
Erzinjan,,FALSE,Yule,
Erzrum,Arziron,FALSE,Yule,
Eschiel,,FALSE,Yule,
Escier,Shaher,Location,Murray,
Esher,Shehr, Es-shehr),FALSE,Yule
Essentemur ,Isentimur,Person,Yule,
Estimo,,FALSE,Yule,
Etchmiadzin Monastery,,FALSE,Yule,
Ethiopia and India,,FALSE,Yule,
Ethiopian sheep,,FALSE,Yule,
Etiquette of the Mongol Court,,FALSE,Yule,
Etymologies,,FALSE,Yule,
Etzina,,FALSE,Yule,
Eunuchs,,FALSE,Yule,
Euphrates,,Location,Yule,
Europeans,,,Murray,
Euxine,,FALSE,Yule,
Evelyn's Diary,,FALSE,Yule,
Execution of Princes of the Blood,,FALSE,Yule,
Eyircayï¿½ ,, ,Yule,
Ezina,,Location,Murray,
Facen,,Person,Yule,
Facfur,Faghfur,Person,Murray,
Faizabad in Badakhshan,,FALSE,Yule,
Fakanï¿½r,, ,Yule,
Fakata,,FALSE,Yule,
Fakhruddin Ahmad,,Person,Yule,
Falconers,,FALSE,Yule,
Falconry in China,,,Murray,
Falcons,,FALSE,Yule,
Famine,,FALSE,Yule,
Fan Wen-hu,,FALSE,Yule,
Fanchan Lake,,FALSE,Yule,
Fanching,,FALSE,Yule,
Fandaraina,,FALSE,Yule,
Fansur,,Location,Yule,
Fansuri camphor,,FALSE,Yule,
Fariab,,FALSE,Yule,
Faro of Constantinople,,FALSE,Yule,
Farriers,,FALSE,Yule,
Fars,,Location,Yule,
Fashiyah,,Organization,Yule,
Fassa,,FALSE,Yule,
Fasting days,,Person,Yule,
Fattan,,FALSE,Yule,
Fausto,,Person,Yule,
Fazl,,FALSE,Yule,
Feili,,FALSE,Yule,
Female attendants on Chinese Emperors,,FALSE,Yule,
Ferlec,,Location,Yule,
Fernandez,,FALSE,Yule,
Ferrier,,FALSE,Yule,
Festivals,,,Murray,Yule
Fiag,,Location,Yule,
Fidï¿½wï¿½,, ,Yule,
Filial Piety in China,,FALSE,Yule,
Filippi,,Person,Yule,
Finn,,FALSE,Yule,
Fiordelisa,,Person,Yule,
Firando Island,,Location,Yule,
Firdï¿½s,, ,Yule,
Fire,,FALSE,Yule,
Fire worshippers (Guebres) in Persia,,Person,Murray,
Fire-baptism,,FALSE,Yule,
Fire-worship,,FALSE,Yule,
Firishta,,Person,Yule,
Fish,,FALSE,Yule,
Fish-oil,,FALSE,Yule,
Florin,,FALSE,Yule,
Flour (Sago,,FALSE,Yule,
Flï¿½ckiger,, ,Yule,
Fo-kien,,Location,Murray,
Fog,,FALSE,Yule,
Fokien,,FALSE,Yule,
Folin,Byzantine Empire,FALSE,Yule,
Fondaco,,FALSE,Yule,
Foot-mark on Adam's Peak,,FALSE,Yule,
Foot-posts in Cathay,,FALSE,Yule,
Forg,,FALSE,Yule,
Formosa,,Location,Yule,
Forsyth,,FALSE,Yule,
Fortune,,FALSE,Yule,
Foundlings,,FALSE,Yule,
Four-horned sheep,,FALSE,Yule,
Fowls with hair,,FALSE,Yule,
Foxes,,FALSE,Yule,
Fozlï¿½n,, ,Yule,
Fra terre,Interior,FALSE,Yule,
Fracastorious,,FALSE,Yule,
Frampton,,Person,Murray,
Franciscan converts,,FALSE,Yule,
Francolin,, ,Yule,
Frankincense,,FALSE,Yule,
Frederic II,,Person,Yule,
French,,FALSE,Yule,
French Expedition up the Kamboja River,,FALSE,Yule,
French Geographical Society,,,Murray,
French mission and missionaries in China,,FALSE,Yule,
Frenchmen,,FALSE,Yule,
Frere,,Person,Yule,
Froissart,,FALSE,Yule,
Frï¿½re charnel,, ,Yule,
Fu-gui ,Concha,Location,Murray,
Fuchau,Fuju,FALSE,Yule,
Fuen ho ,Fen ho ,Location,Yule,
Fuju,Fokien and Fuchau,Location,Yule,
Funeral rites,,FALSE,Yule,
Fungul,,Location,Yule,
Furs,,Person,Yule,
Fusang,,Location,Yule,
Fuyang,,FALSE,Yule,
Fuzo,,FALSE,Yule,
Gabala,,Person,Yule,
Gagry,,FALSE,Yule,
Gaisue,,Person,Yule,
Galashkird,,FALSE,Yule,
Galeasse,,FALSE,Yule,
Galeazza,,FALSE,Yule,
Galingale,,FALSE,Yule,
Galletti,,FALSE,Yule,
Galley-slaves ,,FALSE,Yule,
Galleys of the Middle Ages,,FALSE,Yule,
Gambling,,FALSE,Yule,
Game,,FALSE,Yule,
Game Laws,,FALSE,Yule,
Gan-fu,Ning-po,Location,Murray,
Gan-p'u,,FALSE,Yule,
Ganapati Kings,,FALSE,Yule,
Gandar,,Person,Yule,
Gandhï¿½ra ,, ,Yule,
Ganfu,,Location,Yule,
Ganja,,Location,Yule,
Gantanpouhoa,,Person,Yule,
Gantï¿½r ,, ,Yule,
Gardenia,,FALSE,Yule,
Gardinerï¿½s,, ,Yule,
Gardner,,Person,Yule,
Garmsir,,Person,Yule,
Garnier,,FALSE,Yule,
Garrisons,,FALSE,Yule,
Gat-pauls,,FALSE,Yule,
Gate of Iron,,FALSE,Yule,
Gates,,Location,Yule,
Gauenispola,,Location,Yule,
Gaui or Pariahs of Southern India,,,Murray,
Gauristan,,FALSE,Yule,
Gavraz villages,,FALSE,Yule,
Gazaria,,FALSE,Yule,
Gedrosi,,FALSE,Yule,
Gelath in Imeretia,,FALSE,Yule,
Genealogy of Polos,,FALSE,Yule,
Gengis,,Person,Murray,
Genoa,,Location,Yule,
Genoese,,FALSE,Yule,
Gentile Plural names converted into local singulars,,FALSE,Yule,
Geo-gui,"Gin-gui,Tso-tcheou",Location,Murray,
Geographical Society of Paris,,,Murray,
Geographical Text of Polo's Book constantly quoted,,Person,Yule,
George,Jirjis Yurji, Gurgï¿½n), ,Yule
Georgia,,Location,Murray,
Georgia,Georgiana,Location,Yule,
Gerfalcons ,,FALSE,Yule,
Gerini,,FALSE,Yule,
German Follower of the Polos,,FALSE,Yule,
Ghaissuddin Balban,Asedin Soldan,Person,Yule,
Ghazan,Casan,Person,Yule,
Ghel,,FALSE,Yule,
Gheli,, ,Yule,
Ghes,,FALSE,Yule,
Ghiuju,,FALSE,Yule,
Ghiyas ed-din,,Person,Yule,
Ghori,,Location,Yule,
Ghï¿½r,, ,Yule,
Ghï¿½ran country,, ,Yule,
Giglioli,,Person,Yule,
Gilgit,,FALSE,Yule,
Gill,,Location,Yule,
Ginao,,FALSE,Yule,
Gindanes of Herodotus,,FALSE,Yule,
Ginger,,FALSE,Yule,
Ginghintalas,Barkoul,Location,Murray,
Giraffes,,FALSE,Yule,
Girardo,,FALSE,Yule,
Girdkuh,,Location,Yule,
Girls,,FALSE,Yule,
Gittarchan,,FALSE,Yule,
Glaza,Ayas,FALSE,Yule,
Gleemen and jugglers,,FALSE,Yule,
Goa,,FALSE,Yule,
Gobernador,,FALSE,Yule,
Gog and Magog,Ung and Mungul,Location,Yule,
Gogo,,FALSE,Yule,
Golconda,,Location,Murray,
Golconda diamond mines,,FALSE,Yule,
Gold,,FALSE,Yule,
Gold and silver towers of Mien,,Location,Yule,
Gold dust in Tibet,,Location,Yule,
Golden King and Prester John,,FALSE,Yule,
Gomispola,,FALSE,Yule,
Gomushtapah,,FALSE,Yule,
Gomuti palm,,FALSE,Yule,
Gondophares,,FALSE,Yule,
Gordonï¿½s ï¿½Ever Victorious Armyï¿½,, ,Yule,
Gordun Shï¿½h,, ,Yule,
Goriosan,,FALSE,Yule,
Goshawks,,FALSE,Yule,
Gothia,Crimean,FALSE,Yule,
Govy,,FALSE,Yule,
Goza,,FALSE,Yule,
Gozurat,,Location,Murray,Yule
Goï¿½s,, ,Yule,
Goï¿½tre at Yarkand,, ,Yule,
Grail,,Person,Yule,
Granaries,,FALSE,Yule,
Grapes in Shan-si,,FALSE,Yule,
Grass-cloths,,FALSE,Yule,
Grasso,,FALSE,Yule,
Great,,FALSE,Yule,
Great Bear,Meistre,FALSE,Yule,
Great wall of China,,Location,Murray,
Greece,,FALSE,Yule,
Greek fire,,FALSE,Yule,
Greeks,,FALSE,Yule,
Green,,FALSE,Yule,
Gregorieff,,Person,Yule,
Gregory X,,Person,Yule,
Gregory X.,,Person,Murray,
Grenard,,FALSE,Yule,
Grioni,,FALSE,Yule,
Groat,,FALSE,Yule,
Groot,,Person,Yule,
Grote,,Person,Yule,
Grueber and Dorville,,FALSE,Yule,
Gryphon,,FALSE,Yule,
Guasmul,Basmul,FALSE,Yule,
Guchluk,,FALSE,Yule,
Gudar ,,FALSE,Yule,
Gudar,,FALSE,Yule,
Gudran,,FALSE,Yule,
Guebers,,FALSE,Yule,
Guilds of craftsmen at Kinsay,,FALSE,Yule,
Guinea-fowl,,FALSE,Yule,
Guions,,FALSE,Yule,
Gujï¿½h,, ,Yule,
Gumishï¿½Khï¿½nak,, ,Yule,
Gunpowder,,FALSE,Yule,
Gurgan,,Person,Yule,
Gurï¿½Khan of Karacathay,, ,Yule,
Gutturals,,FALSE,Yule,
Guzerat,Gozurat,FALSE,Yule,
Gï¿½l,, ,Yule,
Gï¿½ring,, ,Yule,
Haast,,Person,Yule,
Habsh,Abash,FALSE,Yule,
Habï¿½b-ullah of Khotan,, ,Yule,
Hadhramaut,Sessania Adrumetorum,FALSE,Yule,
Hadiah,,FALSE,Yule,
Haffer,,FALSE,Yule,
Hai-nan,,Location,Yule,
Hairy men in Sumatra,,FALSE,Yule,
Hajji Mahomed,,FALSE,Yule,
Hakeddin,,FALSE,Yule,
Half-breeds,,FALSE,Yule,
Hamd Allah Mastaufi,,Person,Yule,
Hamilton,,Person,Yule,
Hammerï¿½Purgstall on Marco Polo,, ,Yule,
Hamza Pantsï¿½ri,, ,Yule,
Hamza of Ispahan,,FALSE,Yule,
Hamï¿½m Arabs,, ,Yule,
Han Yu,,FALSE,Yule,
Han dynasty,,Location,Yule,
Han-chung ,Cuncun,FALSE,Yule,
Han-kau,,FALSE,Yule,
Hanbury,,FALSE,Yule,
Hang-chau fu,,FALSE,Yule,
Hanjam,,FALSE,Yule,
Hansi,,FALSE,Yule,
Harhaura,,FALSE,Yule,
Harlez,,FALSE,Yule,
Harran,,FALSE,Yule,
Harshadeva,,Person,Yule,
Harsuddi,,Location,Yule,
Haru,,FALSE,Yule,
Hashï¿½shï¿½n,, ,Yule,
Hasik,,FALSE,Yule,
Hassan,,Person,Yule,
Hassï¿½n Kalï¿½,, ,Yule,
Hastings,,FALSE,Yule,
Hatan,,FALSE,Yule,
Haunted deserts,,FALSE,Yule,
Havret,,Person,Yule,
Hawks,,Person,Yule,
Hayton I,,Person,Yule,
Hazbana,,Person,Yule,
Hazï¿½ras,, ,Yule,
He-lung Kiang,,FALSE,Yule,
Heat,,FALSE,Yule,
Heaven,,Location,Yule,
Hedin,,Person,Yule,
Hei-shui,Mongol Etsina,Location,Yule,
Heibak,,FALSE,Yule,
Height,,FALSE,Yule,
Heikel,,Person,Yule,
Hel,,FALSE,Yule,
Helena,,Person,Yule,
Helli,,Person,Yule,
Hemp of Kwei-chau,,FALSE,Yule,
Henry II,,Person,Yule,
Henry III,,Person,Yule,
Heraclius,,Person,Yule,
Herat,,FALSE,Yule,
Hereditary trades,,FALSE,Yule,
Hereford,,FALSE,Yule,
Hermenia,,Location,Yule,
Hermits of Kashmir,,FALSE,Yule,
Herodotus,,FALSE,Yule,
Hethum,,FALSE,Yule,
Hiai ï¿½," Kiai-chau,Caichu", ,Yule,
Hides,,FALSE,Yule,
Hili,,FALSE,Yule,
Hill-people of Fo-kien,,FALSE,Yule,
Hinaur,,FALSE,Yule,
Hind,,FALSE,Yule,
Hindu character,,FALSE,Yule,
Hindus,,Organization,Yule,
Hing-hwa,,FALSE,Yule,
Hippopotamusï¿½ teeth,, ,Yule,
Hips,,FALSE,Yule,
Hirth,,Person,Yule,
Hiuan-Tsung,,Person,Yule,
Hiuen Tsang,,Person,Yule,
Ho-nhi,,FALSE,Yule,
Hoang-ho,,Location,Murray,
Hochau,,Location,Yule,
Hochung-fu,Cachanfu,FALSE,Yule,
Hodgson,,Person,Yule,
Hoernle,,Person,Yule,
Hojos,,FALSE,Yule,
Hokien-fu,Cacanfu,FALSE,Yule,
Hokow,,FALSE,Yule,
Holcombe,,Location,Yule,
Hollingworth,,FALSE,Yule,
Holy Sepulchre,,FALSE,Yule,
Homeritae,,FALSE,Yule,
Homi-cheu,,FALSE,Yule,
Hondius map,,FALSE,Yule,
Hooker,,Person,Yule,
Hoolaku,,Person,Murray,
Horiad,Oirad,FALSE,Yule,
Hormuz,Hormos,Person,Yule,
Hormuzdia,,FALSE,Yule,
Horns of Ovis Poli,,FALSE,Yule,
Horoscopes,,FALSE,Yule,
Horsburgh,,Person,Murray,
Horse-posts and Post-houses,,FALSE,Yule,
Horse-stealing,,FALSE,Yule,
Horses,,Person,Yule,
Hosie,,FALSE,Yule,
Hospitals,,FALSE,Yule,
Hostelries,,FALSE,Yule,
Hot springs in Armenia,,FALSE,Yule,
Hounds,,FALSE,Yule,
Hours,,FALSE,Yule,
Hsi Hsia dynasty,,Location,Yule,
Hu-chau fu,Vuju,FALSE,Yule,
Hui-hui,,FALSE,Yule,
Hukaji,, ,Yule,
Hukwan-hien,,FALSE,Yule,
Hullukluk,,Location,Yule,
Human fat,,FALSE,Yule,
Humboldt,,FALSE,Yule,
Humï¿½yï¿½n,, ,Yule,
Hun-ho,Sanghin,FALSE,Yule,
Hundred Eyes,,FALSE,Yule,
Hung Hao,,Person,Yule,
Hungary,,FALSE,Yule,
Huns invade Europe,,,Murray,
Hunting equipment and Expedition,,FALSE,Yule,
Hunï¿½war,, ,Yule,
Hutton,,Person,Yule,
Hwa-chau,,FALSE,Yule,
Hwai River,,FALSE,Yule,
Hwai-lu,,FALSE,Yule,
Hwai-ngan-fu,Coiganju,FALSE,Yule,
Hwan-ho,,FALSE,Yule,
Hwang-ho,Yellow River,Location,Yule,
Hyena,,FALSE,Yule,
Hyrcania,,Person,Yule,
Hukalu Khan,Alau, ,Yule,
Iabadiu,,FALSE,Yule,
Ibn Batuta ,,Person,Yule,
Ibn Fozlï¿½n,, ,Yule,
Ibn-al-Furï¿½t,, ,Yule,
Ichin-hien,,FALSE,Yule,
Ichthyophagous cattle and people,,FALSE,Yule,
Icon Amlac,,Person,Yule,
Iconium,,Location,Murray,
Iconium (,Kuniyah,FALSE,Yule,
Idolatry (Buddhism) and Idolaters,,FALSE,Yule,
Idols,,FALSE,Yule,
Ieu,,FALSE,Yule,
Ifat,,FALSE,Yule,
Ig,,FALSE,Yule,
Igba Zion,,Person,Yule,
Ilchi,,Location,Yule,
Ilchigadai Khan,,Person,Yule,
Ilija,,FALSE,Yule,
Ilkhan,,FALSE,Yule,
Ilyï¿½ts,, ,Yule,
Im Thurn,,FALSE,Yule,
Imï¿½ms of the Ismailites,, ,Yule,
Incense,,FALSE,Yule,
India,,Location,Yule,
Indian drugs to prolong life,,FALSE,Yule,
Indies,,FALSE,Yule,
Indifference,,FALSE,Yule,
Indigo,,FALSE,Yule,
Indo-China,,FALSE,Yule,
Indragiri,,Location,Yule,
Infants,,FALSE,Yule,
Ingushes of Caucasus,,FALSE,Yule,
Innocent IV,,Person,Yule,
Innocent IV.,,Person,Murray,
Inscription,,FALSE,Yule,
Insult,,FALSE,Yule,
Intramural interment prohibited,,FALSE,Yule,
Invulnerability,,FALSE,Yule,
Irghai,,FALSE,Yule,
Irish,,Person,Yule,
Iron,,FALSE,Yule,
Iron Gate,Derbend Pass,Location,Yule,
Irtish,,Location,Yule,
Isaac,,Person,Yule,
Isabel,,Person,Yule,
Isabeni,,FALSE,Yule,
Isentemur,Sentemur,Person,Yule,
Ish,,FALSE,Yule,
Ish-Kï¿½shm,, ,Yule,
Iskandar,,Person,Yule,
Islands,,Location,Yule,
Islands of the Oriental Archipelago,,Location,Murray,
Isle dï¿½Orleans,, ,Yule,
Isle of Rubies,Ceylon,Location,Yule,
Ismailites,,FALSE,Yule,
Ismalies,Assassins,Person,Murray,
Ismaï¿½l,, ,Yule,
Ispahan,Istanit,Location,Yule,
Israel in China,,FALSE,Yule,
Iteration,,FALSE,Yule,
Ivongo,,FALSE,Yule,
Ivory trade,,FALSE,Yule,
Izzuddin Muzaffar,,Person,Yule,
Iï¿½tsing,, ,Yule,
Jacinth,,FALSE,Yule,
Jacobite Christians,,FALSE,Yule,
Jacobs,,FALSE,Yule,
Jade stone (jasper) of Khotan,,FALSE,Yule,
Jaeschke,,FALSE,Yule,
Jaffa,,Person,Yule,
Jaipï¿½l,, ,Yule,
Jalï¿½luddï¿½n of Khwarizm,, ,Yule,
Jamaluddin,,Person,Yule,
Jambi River,,Location,Yule,
James of Aragon,,Person,Yule,
Jamï¿½i Khï¿½tï¿½n,, ,Yule,
Jamï¿½luddï¿½n-al-Thaibi,, ,Yule,
Jangama sect,,FALSE,Yule,
Janibeg,,Person,Yule,
Japan,,Location,Murray,Yule
Japanese paper-money,,FALSE,Yule,
Jaroslawl,,FALSE,Yule,
Jaspar,Gaspar,Person,Yule,
Jasper and chalcedony,,FALSE,Yule,
Jatolic,,FALSE,Yule,
Jauchau,,FALSE,Yule,
Java,,Location,Murray,Yule
Jawa,,FALSE,Yule,
Jayaï¿½Sinhavarman II,, ,Yule,
Jazirah,,FALSE,Yule,
Jaï¿½zgï¿½n,, ,Yule,
Jehangï¿½r,Jehan, ,Yule,
Jenkinson,,FALSE,Yule,
Jerusalem,,Location,Yule,
Jerï¿½n,Zarun, ,Yule,
Jesuit maps,,FALSE,Yule,
Jesujabus,,FALSE,Yule,
Jews,,Organization,Yule,
Jibal,,FALSE,Yule,
Jibal-ul-Thabï¿½l,, ,Yule,
Jiruft,,FALSE,Yule,
Jogis,Chughi,FALSE,Yule,
John XXII,,Person,Yule,
Johnson,,Person,Yule,
Johnston,,Person,Yule,
Johore,,Person,Yule,
Jomard,,,Murray,
Jon,Jihon,Location,Yule,
Jor-fattan,Baliapatan,FALSE,Yule,
Jordanus,,FALSE,Yule,
Josephus,,FALSE,Yule,
Jubb,,Location,Yule,
Judi,,Location,Yule,
Jugglers,,FALSE,Yule,
Juggling extraordinary,,FALSE,Yule,
Juji,,Person,Yule,
Juju,Cho-chau,FALSE,Yule,
Julman,,FALSE,Yule,
Junghuhn,,FALSE,Yule,
Junks. (See also Ships.),,FALSE,Yule,
Jupï¿½r,, ,Yule,
Justice,,FALSE,Yule,
Justinian,,Person,Yule,
Juzgï¿½na,Dogana, ,Yule,
Juzgï¿½na ,Dogana, ,Yule,
Jï¿½jnagar,, ,Yule,
Jï¿½misfulah,Gauenispola, ,Yule,
Kaan,,Person,Yule,
Kaans,,Person,Yule,
Kabul,,Location,Yule,
Kadapah,,FALSE,Yule,
Kafchi-kï¿½e,, ,Yule,
Kahn-i-Panchur,,FALSE,Yule,
Kaidu,,Person,Murray,
Kaidu Khan,Caidu Khan,Person,Yule,
Kaifung-fu,,Location,Yule,
Kaikhosru I. and III,,Organization,Yule,
Kaikhï¿½tu,Kiacatu, ,Yule,
Kaikus,,FALSE,Yule,
Kain-du,,Location,Murray,
Kaipingfu,Keibung,FALSE,Yule,
Kairat-ul-Arab,,FALSE,Yule,
Kais,,FALSE,Yule,
Kaisarï¿½ya,Caesaraea, ,Yule,
Kajjala,,Person,Yule,
Kakateya,,Location,Yule,
Kakhyens,,Location,Yule,
Kakula,,FALSE,Yule,
Kalajan,Calachan,FALSE,Yule,
Kalantan,,FALSE,Yule,
Kalaï¿½ Atishparastan,Cala Ataperistan, ,Yule,
Kalaï¿½ Safed,, ,Yule,
Kalchi,,FALSE,Yule,
Kales Devar,,Person,Yule,
Kalgan,,FALSE,Yule,
Kalhï¿½t (Kalhï¿½tï¿½,, ,Yule,
Kalidï¿½sa,, ,Yule,
Kalinga,,FALSE,Yule,
Kalinjar,,FALSE,Yule,
Kalï¿½mï¿½r,, ,Yule,
Kamasal,Conosalmi,FALSE,Yule,
Kambala,,Person,Yule,
Kambalu,Pe-king,Location,Murray,
Kamboja,Chinla,FALSE,Yule,
Kambï¿½yat ,Cambay, ,Yule,
Kampar,,Location,Yule,
Kamul,"Khamil , Hamil,Komal,Comal",Location,Murray,
Kamï¿½l Malik,, ,Yule,
Kamï¿½rah,, ,Yule,
Kanauj,,FALSE,Yule,
Kanbalu Island,,FALSE,Yule,
Kanchï¿½u ,Campichu, ,Yule,
Kandahï¿½r,, ,Yule,
Kandy,,FALSE,Yule,
Kanerkes,,Location,Yule,
Kang-hi,,FALSE,Yule,
Kangigu,,Location,Murray,
Kank,,FALSE,Yule,
Kanpï¿½u ,Ganpu, ,Yule,
Kansan,,FALSE,Yule,
Kansuh,,FALSE,Yule,
Kanï¿½t-ul-Shï¿½m,Conosalmi, ,Yule,
Kao Hoshang,,FALSE,Yule,
Kao-yu ,Cayu,FALSE,Yule,
Kaoï¿½Tsung,, ,Yule,
Kapilavastu,,FALSE,Yule,
Kapukada,,FALSE,Yule,
Karakorum,,Location,Murray,
Karakorum,Caracoron,FALSE,Yule,
Karakorum ,Caracoron,FALSE,Yule,
Karamoran,Hoang-ho,Location,Murray,
Karanï¿½t,, ,Yule,
Karaunahs,Caraonas,FALSE,Yule,
Karazan,,Location,Murray,
Karaï¿½n Jidun,, ,Yule,
Kardandan,,Location,Murray,
Karens,,FALSE,Yule,
Karmathian,,FALSE,Yule,
Karnï¿½l,, ,Yule,
Karra-Mï¿½nikpï¿½r,, ,Yule,
Karrah,,FALSE,Yule,
Kartazonon,,FALSE,Yule,
Karï¿½ Hulun,, ,Yule,
Karï¿½ Khoja,, ,Yule,
Karï¿½jï¿½ng ,Carajan, ,Yule,
Karï¿½khitaian Empire,, ,Yule,
Karï¿½mï¿½ren ,Caramoran, ,Yule,
Karï¿½ni,vulgo Cranny, ,Yule,
Kasaidi Arabs,,FALSE,Yule,
Kashan,,FALSE,Yule,
Kashmiris,,FALSE,Yule,
Kashmï¿½r ,Keshimur, ,Yule,
Kasia,,FALSE,Yule,
Kasyapa Buddha,,FALSE,Yule,
Kataghan,,FALSE,Yule,
Katar pirates,,FALSE,Yule,
Katif,,FALSE,Yule,
Kattiawï¿½r,, ,Yule,
Kaulam,,FALSE,Yule,
Kaulamï¿½Malï¿½,, ,Yule,
Kauli ,Cauly,FALSE,Yule,
Kaunchi,Conchi,FALSE,Yule,
Kavvï¿½yi,, ,Yule,
Kayten,,FALSE,Yule,
Kazan,,FALSE,Yule,
Kazbek,,FALSE,Yule,
Kazvï¿½n ,Casvin, ,Yule,
Kazï¿½winah,, ,Yule,
Kaï¿½kobad I. and III,, ,Yule,
Keary,,FALSE,Yule,
Kehran,,FALSE,Yule,
Keiaz tribe,,FALSE,Yule,
Keibung ,Kaipingfu,FALSE,Yule,
Kelinfu,Kienning-fu,Location,Yule,
Kemenfu,,FALSE,Yule,
Kenjanfu,Si-ngan fu,FALSE,Yule,
Keraits,,Location,Yule,
Kerala,,Location,Yule,
Keria,,FALSE,Yule,
Keriza,,Location,Yule,
Kermï¿½n,, ,Yule,
Kerulen valley,Kï¿½i-lien valley, Location,Yule,
Keshican,Keshikten,FALSE,Yule,
Kesimur,Cashmere,Location,Murray,
Kesmacoran,Kij Makrï¿½n, ,Yule,
Kesmacoran,Mekran,Location,Murray,
Keuyung Kwan,,Location,Yule,
Khakï¿½n,, ,Yule,
Khambavati,Cambay,FALSE,Yule,
Khanabad,Dogana?,FALSE,Yule,
Khanfu,,FALSE,Yule,
Khanikoff,,FALSE,Yule,
Khanoolla,Mount Royal,FALSE,Yule,
Khansï¿½,, ,Yule,
Kharesem,,FALSE,Yule,
Khato-tribe,,FALSE,Yule,
Khavailu,Hwo-lu hï¿½ien, ,Yule,
Khazars,,FALSE,Yule,
Khilak,,FALSE,Yule,
Khimka,,FALSE,Yule,
Khinsa,,FALSE,Yule,
Khitan,,FALSE,Yule,
Khmer,,FALSE,Yule,
Khodabanda,,Person,Yule,
Khojas,,FALSE,Yule,
Khorasan,,Location,Yule,
Khormuzda,,FALSE,Yule,
Khotan,Cotan,Location,Yule,
Khoten,,Location,Murray,
Khumbavati,Cambay,Location,Yule,
Khumdï¿½n,, ,Yule,
Khusrï¿½,, ,Yule,
Khutuktai Setzen,,Person,Yule,
Khwarizm,,FALSE,Yule,
Khï¿½n Bï¿½dshah of Khotan,, ,Yule,
Khï¿½nbalï¿½k,, ,Yule,
Khï¿½tï¿½n-gol,, ,Yule,
Kia Tsing,,Person,Yule,
Kia-kï¿½ing,, ,Yule,
Kiacatu,,FALSE,Yule,
Kiahing,Ciangan,FALSE,Yule,
Kiai ï¿½,"Hiai-chau,Caichu", ,Yule,
Kiakhta,,FALSE,Yule,
Kiang,,FALSE,Yule,
Kiang-mai,,FALSE,Yule,
Kiang-su,,FALSE,Yule,
Kiang-suy,Kiang-shui,Location,Yule,
Kiangka,,FALSE,Yule,
Kiangshan,,FALSE,Yule,
Kiangsi,,FALSE,Yule,
Kiangtheu,,FALSE,Yule,
Kiangï¿½Chï¿½,, ,Yule,
Kiangï¿½Hung,, ,Yule,
Kiangï¿½Tung,, ,Yule,
Kiao-chi,Tungking,FALSE,Yule,
Kiaproth,,,Murray,
Kichau Castle,,Location,Yule,
Kiehï¿½Chï¿½a,, ,Yule,
Kien-chau,,FALSE,Yule,
Kien-kwï¿½,, ,Yule,
Kien-lung,,Person,Yule,
Kien-ning fu,Kelinfu,FALSE,Yule,
Kiepert,,FALSE,Yule,
Kiev,,Location,Murray,
Kijï¿½Makrï¿½n,Kesmacoran, ,Yule,
Kilaï¿½-i-Gabr,, ,Yule,
Kilimanchi River,,Location,Yule,
Kiming shan Mountains,,Location,Yule,
Kin,,Location,Yule,
Kin-hwa fu,,FALSE,Yule,
Kin-sai,"Quin-sai,Hang-tcheou-fou",Location,Murray,
Kin-sha Kiang,,Location,Yule,
Kincha,,FALSE,Yule,
King of the Abraiaman,,Person,Yule,
King-tï¿½-chï¿½n,, ,Yule,
Kings of Maabar,,Person,Yule,
Kingsmill,,FALSE,Yule,
Kinki,,FALSE,Yule,
Kinsay,King-szï¿½,Location,Yule,
Kinshan,,Location,Yule,
Kinto,,FALSE,Yule,
Kinï¿½Chi,, ,Yule,
Kipchak,Ponent,Location,Yule,
Kirghiz,,FALSE,Yule,
Kirghiz Kazak,,FALSE,Yule,
Kirghiz-tribe,,Organization,Murray,
Kiria,,FALSE,Yule,
Kirk,,Person,Yule,
Kis,,FALSE,Yule,
Kishik,,FALSE,Yule,
Kishm,Casem,FALSE,Yule,
Kistna River,,Location,Yule,
Kitubuka,,FALSE,Yule,
Kiu-chau,,FALSE,Yule,
Kiulan,Quilon,FALSE,Yule,
Kizil Irmak,,FALSE,Yule,
Kizil River,,FALSE,Yule,
Kneeling oxen,,FALSE,Yule,
Ko-li-ki-sze,,FALSE,Yule,
Kobad,,FALSE,Yule,
Kobdo,,FALSE,Yule,
Kogatai,,Person,Murray,
Kohï¿½Banï¿½n,Cobinan, ,Yule,
Koi-gan-zu,Hoai-ngan-fou,Location,Murray,
Koja ,Coja,Person,Yule,
Kokcha River,,Location,Yule,
Kolastri,,FALSE,Yule,
Kolkhoi of Ptolemy,,FALSE,Yule,
Kollam,,FALSE,Yule,
Koloman,,FALSE,Yule,
Kolyma,,FALSE,Yule,
Komï¿½r,, ,Yule,
Kondachi,,FALSE,Yule,
Konkan,,Person,Yule,
Konï¿½r tree,, ,Yule,
Koresh king,,Person,Yule,
Kosakio,,Person,Yule,
Kosseir,,FALSE,Yule,
Kotcheres,,Organization,Yule,
Kotlogh,,Person,Yule,
Kotlogh Shah,,Person,Yule,
Kotou,,,Murray,
Kotrobah Island,,Location,Yule,
Kouyunjik,,Location,Yule,
Kozlov,,Person,Yule,
Ku-kwan,,FALSE,Yule,
Kuang-chou,,FALSE,Yule,
Kublai Khan,"Kublai,khan",Person,Murray,
Kuchï¿½ character,, ,Yule,
Kuhistan,,Location,Yule,
Kukin-Tï¿½na,, ,Yule,
Kukju,Genkju,Person,Yule,
Kukuï¿½Khotan,Blue Town, ,Yule,
Kulasaikera,,FALSE,Yule,
Kulï¿½b,, ,Yule,
Kulï¿½n,, ,Yule,
Kumhari,,FALSE,Yule,
Kumiz,,FALSE,Yule,
Kummï¿½jar,, ,Yule,
Kumï¿½r,, ,Yule,
Kunduz,,FALSE,Yule,
Kunduzï¿½Baghlï¿½n,, ,Yule,
Kung-ki-cheng,Fei-chï¿½eng, ,Yule,
Kungurï¿½ts,, ,Yule,
Kuniyah,Conia,FALSE,Yule,
Kunlun,Pulo Condore,FALSE,Yule,
Kurd dynasty,,Organization,Yule,
Kurdistan,Curdistan,Location,Yule,
Kurds,,Person,Murray,Yule
Kuria Maria Islands,,Location,Yule,
Kuridai,,Person,Yule,
Kurmishi,,FALSE,Yule,
Kurshids of Lï¿½ristï¿½n,, ,Yule,
Kus,,FALSE,Yule,
Kushluk,,FALSE,Yule,
Kutan,,Person,Yule,
Kutchluk Khan,,Person,Yule,
Kutuktemur,,Person,Yule,
Kutulun,,Person,Yule,
Kuwinji,,FALSE,Yule,
Kuyuk Khan,,Person,Murray,Yule
Kwa-chau,Caiju,FALSE,Yule,
Kwan Hsien,,FALSE,Yule,
Kwansinfu,,FALSE,Yule,
Kwawa,,FALSE,Yule,
Kwei-chau,Cuiju,FALSE,Yule,
Kwei-hwa-chï¿½eng,, ,Yule,
Kweilei River,,Location,Yule,
Kyung-sang province,,Location,Yule,
Kï¿½benï¿½n,Cobinan, ,Yule,
Kï¿½blï¿½i,Cublay, ,Yule,
Kï¿½firs of Hindu Kush,, ,Yule,
Kï¿½ien-chï¿½ang,, ,Yule,
Kï¿½il,, ,Yule,
Kï¿½ing-yï¿½an,Ning-po, ,Yule,
Kï¿½kachin,, ,Yule,
Kï¿½likï¿½t,, ,Yule,
Kï¿½nbï¿½rn Monastery,, ,Yule,
Kï¿½reh-i-Ardeshï¿½r,Kuwï¿½shï¿½r, ,Yule,
Kï¿½shgar,Cascar, ,Yule,
Kï¿½veri River,, ,Yule,
Kï¿½veripattanam,, ,Yule,
Kï¿½yal,, ,Yule,
Kï¿½ï¿½n,Ghï¿½ï¿½n, ,Yule,
Lac,Wallachia,FALSE,Yule,
Ladies of Kinsay,,FALSE,Yule,
Ladiesï¿½ dresses in Badakhshan,, ,Yule,
Lagong,,FALSE,Yule,
Lahore,Dalivar,FALSE,Yule,
Lahsa,,FALSE,Yule,
Laias,Aias,Location,Murray,
Lake,,Location,Yule,
Laknaoti,,FALSE,Yule,
Lakshamana Deva,,Person,Yule,
Lamas of Tibetan Buddhism,,FALSE,Yule,
Lambri,,Location,Yule,
Lan Ki Hien,Nanï¿½Che-hien, ,Yule,
Lan-tsang kiang  River,Mekong River,Location,Yule,
Lances of Sago Palm,,FALSE,Yule,
Lanchang,,FALSE,Yule,
Land of Darkness,,Location,Yule,
Langdarma,,FALSE,Yule,
Langting Balghasun,,FALSE,Yule,
Languages used in Mongol Court and administration,,Location,Yule,
Lanja Bï¿½lï¿½s,, ,Yule,
Lanka,Ceylon,Location,Yule,
Lanner Falcons,,FALSE,Yule,
Lanï¿½Ho,, ,Yule,
Laos,,Organization,Yule,
Laoï¿½Kiun,, ,Yule,
Lar,,Location,Murray,Yule
Latin version of Poloï¿½s Book,, ,Yule,
Latins,,FALSE,Yule,
Latsï¿½,, ,Yule,
Lauredano,,FALSE,Yule,
Lawek,,FALSE,Yule,
Laxities of marriage customs,,FALSE,Yule,
Layard,,Person,Yule,
Layas,,Location,Yule,
Le Strange,,Location,Yule,
Leather,,FALSE,Yule,
Leaves,,FALSE,Yule,
Lecomte on Chinese war vessels,,FALSE,Yule,
Lembeser,,FALSE,Yule,
Lenzin,,FALSE,Yule,
Leon I,,Person,Yule,
Leon II,,Person,Yule,
Leon III,,Person,Yule,
Leon VI,,Person,Yule,
Leopards,,FALSE,Yule,
Lepechin,,Person,Yule,
Leung Shan,,Person,Yule,
Levant,,Location,Yule,
Lew-sha,,Location,Yule,
Lewchew,,FALSE,Yule,
Lewis,,Person,Yule,
Lewis XI. and XII. ,,Person,Yule,
Leyes,,FALSE,Yule,
Lhï¿½sa,, ,Yule,
Li Hï¿½ien,, ,Yule,
Li Yuan-hao,,Organization,Yule,
Li-kiang fu,,FALSE,Yule,
Liampo,Ningpo,FALSE,Yule,
Liang,,FALSE,Yule,
Liang-chau in Kansuh,,FALSE,Yule,
Liao dynasty,,FALSE,Yule,
Liao-tong,,FALSE,Yule,
Libanos,,FALSE,Yule,
Licinius,,Person,Yule,
Lidï¿½,Liti, ,Yule,
Lieuli Ho,,FALSE,Yule,
Lign-aloes,,FALSE,Yule,
Ligor,,FALSE,Yule,
Lin-gui,,Location,Murray,
Lin-ngan,Hang-chau,FALSE,Yule,
Lin-ngan in Yun-nan,,FALSE,Yule,
Lin-tï¿½sing chau,, ,Yule,
Lindley,,FALSE,Yule,
Lindsay,,FALSE,Yule,
Linju,,FALSE,Yule,
Lintching-y,,FALSE,Yule,
Lion and Sun,,FALSE,Yule,
Lions,,,Murray,Yule
Lionï¿½s Head Tablets,, ,Yule,
Lisbon,,FALSE,Yule,
Lissu,,FALSE,Yule,
Litai,,FALSE,Yule,
Litan ,,Person,Murray,
Lithang,,FALSE,Yule,
Little Orphan Rock,,FALSE,Yule,
Litï¿½n,, ,Yule,
Liu Pang,,Person,Yule,
Liu Pei,Luo Pï¿½, ,Yule,
Livres of gold,,FALSE,Yule,
Lo,,Location,Yule,
Lob,,FALSE,Yule,
Locac,,Location,Yule,
Lochac,Camaboia,Location,Murray,
Lockhart,,FALSE,Yule,
Lolo tribes,,Location,Yule,
Longevity of Brahmins and Jogis,,FALSE,Yule,
Longfellow,,FALSE,Yule,
Lop,,Location,Murray,Yule
Lophaburi,,FALSE,Yule,
Loping,,FALSE,Yule,
Lor,,Location,Yule,
Lord,,Organization,Yule,
Louis,,Person,Murray,
Loups cerviers,lynx,FALSE,Yule,
Low castes,,FALSE,Yule,
Lowatong River,,FALSE,Yule,
Loyang,,Location,Yule,
Lu-tzu tribe,,FALSE,Yule,
Lubbies,,FALSE,Yule,
Lubï¿½n,, ,Yule,
Lubï¿½n-Jï¿½wi,, ,Yule,
Lubï¿½n-Shehri,, ,Yule,
Lucky and unlucky hours and days,,FALSE,Yule,
Luddur Deo,,FALSE,Yule,
Luh-ho-ta Pagoda,,FALSE,Yule,
Lukonï¿½Kiao,Hun-ho, ,Yule,
Lukyn Port,,FALSE,Yule,
Lung-yin,,FALSE,Yule,
Lusignan,,FALSE,Yule,
Lynxes,,FALSE,Yule,
Lï¿½jwurd mines,, ,Yule,
Lï¿½ristan,Lor, ,Yule,
Lï¿½ss,, ,Yule,
Lï¿½t,, ,Yule,
Ma Twan-lin,,FALSE,Yule,
Ma-tï¿½eu,Matu, ,Yule,
Maabar,,Location,Murray,
Maaden,,Location,Yule,
Maatum,,FALSE,Yule,
Macartneyï¿½s Map,, ,Yule,
Macgregor,,Person,Yule,
Maclagan,,FALSE,Yule,
Madagascar,Madeigascar,Location,Murray,
Madagascar,,Location,Yule,
Madarï¿½Des,, ,Yule,
Madjgars,,Location,Yule,
Madras,,Location,Yule,
Madura,,Location,Yule,
Maestro,,,Yule,
Magadha,,FALSE,Yule,
Magadoxo,,Location,Yule,
Magapatana,,Location,Yule,
Magi,,FALSE,Yule,
Magic,,FALSE,Yule,
Magical darkness,,FALSE,Yule,
Magnet,,FALSE,Yule,
Magyars,,FALSE,Yule,
Mahar Amlï¿½k,, ,Yule,
Mahavan,,FALSE,Yule,
Mahmudiah Canal,,Person,Yule,
Mahmï¿½d Kalhï¿½ti,, ,Yule,
Mahmï¿½d of Ghazni,, ,Yule,
Mahomed,Mahommet,Person,Yule,
Mahomed,,Person,Yule,
Mahomedan revolts in China,,Organization,Yule,
Mahomedans ,Saracens,Organization,Yule,
Mailapï¿½r,Shrine of St. Thomas, ,Yule,
Mailla's translation of the Chinese History,,,Murray,
Maiman,,FALSE,Yule,
Maitreya Buddha,,FALSE,Yule,
Majapahit,,Location,Yule,
Majar,Menjar,FALSE,Yule,
Major,,FALSE,Yule,
Makdashan,,Location,Yule,
Malabar,,Location,Yule,
Malacca,,,Murray,Yule
Malaiur,,Location,Yule,
Malasgird,,FALSE,Yule,
Malay Peninsula,,Location,Yule,
Malayo,,FALSE,Yule,
Malcolm,,Person,Yule,
Maldive Islands,,Location,Yule,
Male and Female,,Location,Murray,
Male and Female Islands,,Location,Yule,
Malifattan,,FALSE,Yule,
Malik al Dhï¿½hir,, ,Yule,
Malli,,FALSE,Yule,
Malpiero,,FALSE,Yule,
Malteï¿½Brun,, ,Yule,
Malwa,,FALSE,Yule,
Malï¿½ in Burma,, ,Yule,
Malï¿½Amir,, ,Yule,
Mamaseni,,FALSE,Yule,
Mamre,,FALSE,Yule,
Man,,Person,Yule,
Manchu dynasty,,Organization,Yule,
Mancopa,,FALSE,Yule,
Mandalï¿½ in Burma,, ,Yule,
Mandarin language,,FALSE,Yule,
Mangalai,,Person,Yule,
Mangalore,,Location,Yule,
Mangalu,,Person,Murray,
Mangla and Nebila Islands,,Location,Yule,
Mangonels made by Polos for attack of Saianfu,,FALSE,Yule,
Mangou,,Person,Murray,
Mangu,Mangkï¿½, ,Yule,
Manjanikis,Mangonellas,FALSE,Yule,
Manji,,Location,Murray,Yule
Manjushri,,Person,Yule,
Manjï¿½nï¿½k ,Manjaniki, ,Yule,
Manphul,,Person,Yule,
Mansur Shah,,Person,Yule,
Mantzï¿½,, ,Yule,
Manuel,,FALSE,Yule,
Manufactures,,FALSE,Yule,
Manuscripts of Poloï¿½s Book,, ,Yule,
Manzi,,Person,Yule,
Map,,FALSE,Yule,
Mapillas,,FALSE,Yule,
Maps,,FALSE,Yule,
Mar Sarghis,,FALSE,Yule,
Marabia,,FALSE,Yule,
Marah Silu,,FALSE,Yule,
Marash,,FALSE,Yule,
Maratha,,FALSE,Yule,
Mardin,Merdin,FALSE,Yule,
Mareï¿½s milk,, ,Yule,
Margaritone,,FALSE,Yule,
Marignolli,,FALSE,Yule,
Market days,,FALSE,Yule,
Markets in Kinsay,,FALSE,Yule,
Marks of Silver,,FALSE,Yule,
Marriage customs in Khotan,,FALSE,Yule,
Marsden,,Person,Murray,
Marsdenï¿½s edition of Polo,, ,Yule,
Martin,,Person,Yule,
Martini,,Person,Murray,Yule
Martyrs,,FALSE,Yule,
Mashhad,Meshed,Location,Yule,
Mashiz,,FALSE,Yule,
Maskat,,FALSE,Yule,
Mastiff Dogs,,FALSE,Yule,
Mastiffs of Tibet,,FALSE,Yule,
Mastodon,,FALSE,Yule,
Masulipatam,,Location,Murray,Yule
Masï¿½ud II,, ,Yule,
Masï¿½udi,, ,Yule,
Matchlocks,,FALSE,Yule,
Mati Dhivaja,,FALSE,Yule,
Matityna (Martinique),,FALSE,Yule,
Matitï¿½nana,, ,Yule,
Maundevile,,Person,Yule,
Maung Maorong,,Person,Yule,
Mauro,,Person,Yule,
Mausul (Mosul),,Location,Yule,
Mayers,,FALSE,Yule,
Mayhew,,FALSE,Yule,
Mazandï¿½ran,, ,Yule,
Maï¿½bar (Maabar),, ,Yule,
Medressehs at Sivas,,FALSE,Yule,
Mekhitar,,FALSE,Yule,
Mekong River (Lan-tsang kiang),,Location,Yule,
Mekrï¿½n,, ,Yule,
Mekrï¿½nis,, ,Yule,
Melchior,,Person,Yule,
Melibar,,Location,Yule,
Melibar (Malabar),,Location,Murray,
Melic,,FALSE,Yule,
Melons,,FALSE,Yule,
Menangkabau,,FALSE,Yule,
Mendoza,,FALSE,Yule,
Menezes,,FALSE,Yule,
Mengki,,Person,Yule,
Menjar (Mï¿½jar?),, ,Yule,
Menuvair and Grosvair,,FALSE,Yule,
Merghuz Boirï¿½k Khan,, ,Yule,
Merkit (Mecrit,,Location,Yule,
Meshid (more correctly Mashhad),,FALSE,Yule,
Messengers,,FALSE,Yule,
Mexico,,Location,Yule,
Meyer,,Person,Yule,
Miafarakain,,FALSE,Yule,
Miau-tzu,,FALSE,Yule,
Mien,,Location,Murray,Yule
Mikado,,FALSE,Yule,
Military engines of the Middle Ages,,Person,Yule,
Milk,,FALSE,Yule,
Million,,FALSE,Yule,
Millione,,Person,Yule,
Millioni,,FALSE,Yule,
Milne,,FALSE,Yule,
Min River (in Fokien,,Location,Yule,
Min River (in Fokien),,Location,Yule,
Minao district,,Location,Yule,
Mines and Minerals,,Location,Yule,
Minever,,FALSE,Yule,
Ming,,Organization,Yule,
Ming-ti,,Person,Yule,
Mingan,,Person,Yule,
Minjï¿½n,, ,Yule,
Minotto,,Person,Yule,
Mint,,FALSE,Yule,
Mintsing-hien,,FALSE,Yule,
Mious River,,Location,Yule,
Miracle Stories,,FALSE,Yule,
Mirkhond,,FALSE,Yule,
Mirobolans,,FALSE,Yule,
Missionary Friars,,FALSE,Yule,
Moa of New Zealand,,Location,Yule,
Modhafferians,,FALSE,Yule,
Modun Khotan (ï¿½Wood-villeï¿½),, ,Yule,
Moghistan,,FALSE,Yule,
Mohammed,,Person,Yule,
Mohammerah,,FALSE,Yule,
Mohiuddin,,FALSE,Yule,
Mokli,,FALSE,Yule,
Molayu,,FALSE,Yule,
Molebar,,Location,Yule,
Molephatan,,FALSE,Yule,
Moliï¿½re,, ,Yule,
Moluccas,,FALSE,Yule,
Mombasa,,FALSE,Yule,
Momein,,FALSE,Yule,
Monasteries of Idolaters (Buddhists),,FALSE,Yule,
Money,,FALSE,Yule,
Money of the great khan,,,Murray,
Mongol Emperors,,Person,Murray,
Mongol conquests,,FALSE,Yule,
Mongols,,Organization,Murray,
Mongon Khan,,FALSE,Yule,
Mongotay (Mangkutai,,Person,Yule,
Monkeys,,FALSE,Yule,
Monks,,FALSE,Yule,
Monnier,,Person,Yule,
Monoceros and Maiden,,FALSE,Yule,
Monophysitism,,FALSE,Yule,
Monsoons,,FALSE,Yule,
Monte dï¿½Ely,, ,Yule,
Montecorvino,,Person,Yule,
Montgomerie,,Person,Yule,
Monument at Si-ngan fu,,FALSE,Yule,
Moon,,Location,Yule,
Moore,,FALSE,Yule,
Moplas,,FALSE,Yule,
Morgan,,Person,Yule,
Mortagne,,FALSE,Yule,
Moscow,,Location,Yule,
Mosolin,,FALSE,Yule,
Mossos,,Location,Yule,
Mostaï¿½sim Billah,, ,Yule,
Mosul,,Location,Murray,
Mosul (Mausul),,Location,Yule,
Motapallï¿½,, ,Yule,
Motawakkil,,Person,Yule,
Moule,,Person,Yule,
Mount,,FALSE,Yule,
Mountain,,FALSE,Yule,
Mourning customs,,FALSE,Yule,
Mozambique Channel,,FALSE,Yule,
Muang,,Location,Yule,
Mulberry Trees,,FALSE,Yule,
Multan,,FALSE,Yule,
Mulï¿½Java,, ,Yule,
Mulï¿½hidah (Mulehet),, ,Yule,
Mung (Nicaea),,FALSE,Yule,
Mungasht,,FALSE,Yule,
Mungul,,Location,Yule,
Murad Beg,,FALSE,Yule,
Murghab River,,Location,Yule,
Murray,,Person,Yule,
Murus Ussu (Brius,,FALSE,Yule,
Mus,,FALSE,Yule,
MusaÕd,, ,Yule,
Musk,,,Murray,Yule
Muslin,,FALSE,Yule,
Mutfili (Motapallï¿½ for Telingana),, ,Yule,
Muza,,FALSE,Yule,
Mynibar,,FALSE,Yule,
Mysore,,Location,Yule,
Mystic number,,FALSE,Yule,
Mï¿½chin,, ,Yule,
Mï¿½dï¿½i,, ,Yule,
Mï¿½ller,, ,Yule,
Mï¿½n,, ,Yule,
Mï¿½nï¿½l pheasant (Lopophorus impeyanus),, ,Yule,
Mï¿½ramangalam,, ,Yule,
Mï¿½rat,, ,Yule,
Mï¿½tzner,, ,Yule,
Nac,,FALSE,Yule,
Nakkï¿½ra (Naccara),, ,Yule,
Nalanda,,FALSE,Yule,
Nan-ghin,Nan-King,Location,Murray,
Nancouri,,FALSE,Yule,
Nanghin (Ngan-king),,FALSE,Yule,
Nangiass,,Person,Yule,
Nankau,,FALSE,Yule,
Nanking,,FALSE,Yule,
Nanwuli,,FALSE,Yule,
Nanï¿½Chao,, ,Yule,
Naobanjï¿½n,, ,Yule,
Naoshirwan,,FALSE,Yule,
Naphtha in the Caucasian country,,FALSE,Yule,
Napier,,Person,Yule,
Napoleon III,,Person,Yule,
Narikelaï¿½Dvipa,, ,Yule,
Narinï¿½Kaleh,, ,Yule,
Narkandam,,Location,Yule,
Narsinga,,Person,Yule,
Narwhal tusk,,FALSE,Yule,
Nasich,,FALSE,Yule,
Nasruddin (Nescradin),,Person,Yule,
Nassir-uddin,,Person,Yule,
Natigay,,FALSE,Yule,
Navapa (Lop?),,FALSE,Yule,
Navaï¿½Khanda,, ,Yule,
Naversa (ancient Anazarbus,,FALSE,Yule,
Nayan,,Person,Murray,Yule
Nebila and Mangla islands,,Location,Yule,
Nebuchadnezzar,,FALSE,Yule,
Necklaces,,FALSE,Yule,
Necuveran,,FALSE,Yule,
Necuveran (Nicobar) Islands,,,Murray,
Negapatam,,FALSE,Yule,
Negroes described,,FALSE,Yule,
Negropont,,FALSE,Yule,
Nellore,,FALSE,Yule,
Nemej,,FALSE,Yule,
Nerghi,,FALSE,Yule,
Nescardin,,Person,Murray,
Nescradin,,Person,Yule,
Nestorian Christians,,Organization,Yule,
Nestorian Christians and Jacobites,,,Murray,
Nestorius,,Person,Yule,
Nevergï¿½n Pass,, ,Yule,
New Year Festival at Kï¿½blï¿½iï¿½s Court,, ,Yule,
Neza Tash Pass,,FALSE,Yule,
Ngan-king (Nanghin),,FALSE,Yule,
Ngan-ning-ho River,,FALSE,Yule,
Ngantung,,Person,Yule,
Ngo-ning,,FALSE,Yule,
Nia (ancient Ni-jang,,FALSE,Yule,
Nias Island,,Location,Yule,
Nibong Palm,,FALSE,Yule,
Nicaea of Alexander,,FALSE,Yule,
Nicholson,,Location,Yule,
Nicobar (Necuveran) Islands,,Location,Yule,
Nicolas,,Person,Yule,
Nicolas IV,,Person,Yule,
Nicolas of Pistoia,,FALSE,Yule,
Nieuhoff,,FALSE,Yule,
Nigudar (Nogodar,,Person,Yule,
Nigudarian bands,,FALSE,Yule,
Nilawï¿½r (Nellore),, ,Yule,
Nile,,FALSE,Yule,
Nileshwaram,,FALSE,Yule,
Nine,,FALSE,Yule,
Nine Provinces (India),,Location,Yule,
Ning-hsia,,FALSE,Yule,
Ning-yuan fu,,FALSE,Yule,
Ningpo,,FALSE,Yule,
Niriz,,FALSE,Yule,
Nirvana,,FALSE,Yule,
Nishapï¿½r,, ,Yule,
Niuchï¿½ (Yuchï¿½,, ,Yule,
Noahï¿½s Ark in Armenia,, ,Yule,
Nobles of Venice,,FALSE,Yule,
Nochdarizari,,Location,Yule,
Nogai Khan,,Person,Yule,
Nogodar,,Person,Murray,
Nogodar (Nigudar,,Person,Yule,
Nomad tribes of Persia,,FALSE,Yule,
Nomogan (Numughan,,Person,Yule,
None,,FALSE,Yule,
North,,Location,Yule,
North Star,,FALSE,Yule,
Note Book,,FALSE,Yule,
Novgorod,,FALSE,Yule,
Nubia,,FALSE,Yule,
Nukdaris,,Location,Yule,
Nuksï¿½n Pass,, ,Yule,
Numbers,,FALSE,Yule,
Nusiï¿½Ibrahim,, ,Yule,
Nutmegs,,FALSE,Yule,
Nyuchï¿½,, ,Yule,
Oak of Hebron,,FALSE,Yule,
Oaracta (Kishm,,FALSE,Yule,
Obedience of Ismaelites,,FALSE,Yule,
Obi River,,Location,Yule,
Observatory at Peking,,Location,Yule,
Ocean Sea,,Location,Yule,
Ocoloro Island,,Location,Yule,
Odoric,,FALSE,Yule,
Oger,,FALSE,Yule,
Ogotai Khan,,FALSE,Yule,
Oil from the Holy Sepulchre,,FALSE,Yule,
Oirad,,FALSE,Yule,
Okkodai Khan,,Person,Yule,
Okkoday Khan,,Person,Murray,
Olak,,FALSE,Yule,
Old Man of the Mountain,,Person,Murray,
Old Man of the Mountain (Aloadin),,Person,Yule,
Oljaï¿½tu Khan,, ,Yule,
Oman,,FALSE,Yule,
Omens,,FALSE,Yule,
Onan Kerule,,FALSE,Yule,
Ondanique (fine kind of steel),,FALSE,Yule,
Oppert,,Person,Yule,
Orang Gugu,,FALSE,Yule,
Orang Malayu River,,Location,Yule,
Orbelian,,FALSE,Yule,
Ordos,,FALSE,Yule,
Organa (Jerï¿½n),, ,Yule,
Oriental phrases in Poloï¿½s dictation,, ,Yule,
Orissa,,Location,Yule,
Orkhon River,,Location,Yule,
Orleans,,FALSE,Yule,
Oroech,,FALSE,Yule,
Ostriches,,FALSE,Yule,
Ostyaks,,FALSE,Yule,
Otto,,Person,Yule,
Ouang Khan,,Person,Murray,
Oulatay (Uladai),,Person,Yule,
Owen,,Person,Yule,
Oxen,,FALSE,Yule,
Oxenham,,FALSE,Yule,
Oxus Valley and River,,Location,Yule,
Oxus river,,Location,Murray,
Oxydracae,,FALSE,Yule,
Pa-yi writing,,FALSE,Yule,
Pacamuria (Baccanor),,FALSE,Yule,
Pacauta! (an invocation),,FALSE,Yule,
Pacem,,FALSE,Yule,
Paddle-wheel barges,,FALSE,Yule,
Paderin,,Person,Yule,
Padma Sambhava,,FALSE,Yule,
Pagaroyang,,FALSE,Yule,
Paggi Islands,,Location,Yule,
Pagodas,,FALSE,Yule,
Pagï¿½n (in Burma),, ,Yule,
Pahang,,FALSE,Yule,
Pai-yen-ching,,FALSE,Yule,
Paipurth (Baiburt),,FALSE,Yule,
Pakwiha,,FALSE,Yule,
Palace of Khan at Chagannor,,Location,Yule,
Palembang,,FALSE,Yule,
Palladius,,FALSE,Yule,
Palm (Measure),,FALSE,Yule,
Palm Wine,,FALSE,Yule,
Pamier (Pamir),,,Murray,Yule
Pandarani,,FALSE,Yule,
Pandit Manphul,,FALSE,Yule,
Pandrethan in Kashmir,,Location,Yule,
Pandyan kings,,FALSE,Yule,
Panja River,,Location,Yule,
Panjkora,,FALSE,Yule,
Panjshir,,FALSE,Yule,
Panjï¿½b,, ,Yule,
Pantaleon,,FALSE,Yule,
Panthï¿½,, ,Yule,
Panya (or Pengya,,Location,Yule,
Panï¿½Asiatic usages,, ,Yule,
Pao-ki hï¿½ien,, ,Yule,
Paonano Pao,,FALSE,Yule,
Paper-money (Chao,,FALSE,Yule,
Papien River,,Location,Yule,
Papï¿½,, ,Yule,
Paquier,,Person,Yule,
Paradise,,Location,Yule,
Paramisura,,Person,Yule,
Paravas,,FALSE,Yule,
Parez,,Location,Yule,
Pariahs (Paraiyar,,FALSE,Yule,
Parker,,FALSE,Yule,
Parliament,,FALSE,Yule,
Parlï¿½k,, ,Yule,
Parpa iron mines,,FALSE,Yule,
Parris,,Person,Murray,
Parrot,,FALSE,Yule,
Parrots,,FALSE,Yule,
Partridges,,FALSE,Yule,
Parwana,,FALSE,Yule,
Paryï¿½n silver mines,, ,Yule,
Parï¿½krï¿½ma Bahu I,, ,Yule,
Pascal of Vittoria,,FALSE,Yule,
Pascia,Peshawer,Location,Murray,
Pasei,,Person,Yule,
Pasha and Pashagar tribes,,Location,Yule,
Pashai,,Location,Yule,
Pashaï¿½Afroz,, ,Yule,
Passo (or Pace,,FALSE,Yule,
Patarins,,Person,Yule,
Patlam,,Person,Yule,
Patriarchs of Eastern Christians. (See also Catholicos and,,FALSE,Yule,
Patteikï¿½Karï¿½,, ,Yule,
Patterns,,FALSE,Yule,
Patu,,FALSE,Yule,
Pau-chym,Pao-yug-shien,Location,Murray,
Paukin (Pao-ying),,FALSE,Yule,
Pauthier,,Person,Yule,
Paved roads in China,,FALSE,Yule,
Payan,,Location,Yule,
Payangadi,,FALSE,Yule,
Paï¿½,, ,Yule,
Pe-king,,Location,Murray,
Peaches,,FALSE,Yule,
Peacocks at St. Thomasï¿½s,, ,Yule,
Pearls,,Person,Yule,
Pears,,FALSE,Yule,
Pedir,,FALSE,Yule,
Pedro,,Person,Yule,
Pegu and Bengal confounded,,FALSE,Yule,
Pei-chau (Piju),,FALSE,Yule,
Pein,Bai,Location,Murray,
Pein (Pim,,Location,Yule,
Peking,,FALSE,Yule,
Pelly,,Person,Yule,
Pema-ching,,FALSE,Yule,
Pemberton,,Person,Yule,
Pentam (Bintang),,Location,Murray,Yule
Pepper,,FALSE,Yule,
Pepper Country,,Location,Yule,
Peregrine falcons,,FALSE,Yule,
Perla (Ferlec),,FALSE,Yule,
Persia,,Location,Murray,Yule
Persia and India,,Location,Yule,
Persian Gulf (Sea of India?),,Location,Yule,
Persian applied to language of foreigners at Mongol Court,,FALSE,Yule,
Peshï¿½war,, ,Yule,
Peter,,Person,Yule,
Pharaohï¿½s rats (Gerboa),, ,Yule,
Phayre,,Person,Yule,
Pheasants,,FALSE,Yule,
Pheng (the Rukh),,FALSE,Yule,
Philip III. and IV. of France,,Person,Yule,
Philip the Fair,,FALSE,Yule,
Philippine Islands,,Location,Yule,
Phillips,,FALSE,Yule,
Phipps,,Person,Yule,
Phra Rï¿½ma,, ,Yule,
Phungan,,FALSE,Yule,
Physician,,FALSE,Yule,
Physicians,,FALSE,Yule,
Pi-an-fu,Pin-yang-fou,Location,Murray,
Pianfu (Pï¿½ing-yang fu,, ,Yule,
Pianfu (Pï¿½ing-yang fu),, ,Yule,
Pichalok,,FALSE,Yule,
Pievtsov,,Person,Yule,
Pig-shells,,FALSE,Yule,
Pigeon posts,,FALSE,Yule,
Piju (Pei-chau),,FALSE,Yule,
Pilgrimage,,Location,Yule,
Pima (Pim),,FALSE,Yule,
Pin-gui,Pi-tcheou,Location,Murray,
Pinati,,Person,Yule,
Pine woods in Mongolian desert,,FALSE,Yule,
Pinnaï¿½Cael (Punnei-Kï¿½yal),, ,Yule,
Pipino,,Person,Murray,Yule
Pirabandi or Bir Pandi (Vira Pandi),,FALSE,Yule,
Pirada,,FALSE,Yule,
Pirates of Malabar,,FALSE,Yule,
Piratical customs at Eli,,FALSE,Yule,
Pistachioes,,FALSE,Yule,
Plane,,FALSE,Yule,
Plano Carpini,,FALSE,Yule,
Po-szï¿½ (Persia),, ,Yule,
Pog,,Location,Yule,
Poison,,FALSE,Yule,
Poison wind,,FALSE,Yule,
Poisoning guests,,FALSE,Yule,
Poisonous pasturage,,FALSE,Yule,
Poland,,Location,Yule,
Pole,,FALSE,Yule,
Pole-star,,FALSE,Yule,
Police,,FALSE,Yule,
Politeness of Chinese,,FALSE,Yule,
Polo,"Marco, Marco Polo,Messer Marco, Messer Marco Polo",Person,Murray,Yule
Polo Maffeo,"Maffeo,Maffeo Polo,Maffio Polo,Maffio",Person,,
Polo Nicolo,"Nicolo,Nicolo Polo,Messeri Nicolo",Person,,
Polygamy,,FALSE,Yule,
Ponent,,FALSE,Yule,
Pong (Mediaeval Shan State),,FALSE,Yule,
Poods,,FALSE,Yule,
Pope of Rome,,Person,Murray,
Popinjays,,FALSE,Yule,
Population,,FALSE,Yule,
Porcelain manufacture,,FALSE,Yule,
Porcupines,,FALSE,Yule,
Pork,,FALSE,Yule,
Posts,,FALSE,Yule,
Potala at Lï¿½hasa,, ,Yule,
Pottinger,,FALSE,Yule,
Poultry,,FALSE,Yule,
Pound,,FALSE,Yule,
Pozdneiev,,FALSE,Yule,
Precious stones or gems,,FALSE,Yule,
Prester John,,Person,Murray,
Prester John (Unc Can,,Person,Yule,
Prices of horses,,FALSE,Yule,
Printing,,FALSE,Yule,
Private names supposed,,FALSE,Yule,
Prjevalsky,,Person,Yule,
Probation of Jogis,,FALSE,Yule,
Prophecy regarding Bayan,,FALSE,Yule,
Prostitutes; at Cambaluc,,FALSE,Yule,
Provinces,,Location,Yule,
Pseudoï¿½Callisthenes,, ,Yule,
Ptolemiesï¿½ trained African elephants,, ,Yule,
Ptolemy,,FALSE,Yule,
Pu-chï¿½eng,, ,Yule,
Puer and Esmok,,FALSE,Yule,
Pukan Mienï¿½Wang,, ,Yule,
Pulad Chingsang,,FALSE,Yule,
Pulisangan,,Location,Murray,
Pulisanghin,,Location,Yule,
Pulo Bras,,FALSE,Yule,
Pulo Condore (Sondur and Condur),,FALSE,Yule,
Pulo Gommes (Gauenispola),,FALSE,Yule,
Pulo Nankai,,FALSE,Yule,
Pulo Wï¿½,, ,Yule,
Punnei-Kï¿½yal,, ,Yule,
Purchas in his Pilgrims uses Ramusio's edition of Marco Polo's Travels,,,Murray,
Purï¿½nas,, ,Yule,
Putchok,,FALSE,Yule,
Putu-ho,,FALSE,Yule,
Pygmies,,FALSE,Yule,
Pï¿½dishah Khï¿½tï¿½n of Kerman,, ,Yule,
Pï¿½ing-chang,, ,Yule,
Pï¿½ing-yang fu (Pianfu),, ,Yule,
Pï¿½o-yang Lake,, ,Yule,
Pï¿½u-chau fu,, ,Yule,
Qalï¿½ah Asgher,, ,Yule,
Qara Ars-lï¿½n Beg,, ,Yule,
Quails in India,,FALSE,Yule,
Que-lin-fu,Kien-ning-fou,Location,Murray,
Queen of Mutfili,,FALSE,Yule,
Quen-gian-fu,Si-ngan-fou,Location,Murray,
Quicksilver and sulphur potion,,FALSE,Yule,
Quills of the Ruc,,FALSE,Yule,
Quilon,,FALSE,Yule,
Quin-sai,,Location,Murray,
Qumadin (Camadi,,FALSE,Yule,
Rabbanta,,Person,Yule,
Rabelais,,FALSE,Yule,
Radloff,,Person,Yule,
Rain-makers,,FALSE,Yule,
Rainald,,FALSE,Yule,
Rainy season,,FALSE,Yule,
Rajkot leather-work,,FALSE,Yule,
Rakka,,FALSE,Yule,
Rama Kamheng,,Person,Yule,
Rameshwaram,,FALSE,Yule,
Ramnad,,FALSE,Yule,
Rampart of Gog and Magog,,FALSE,Yule,
Ramusio,,Person,Yule,
Ramusio's collection of Voyages and Travels,,,Murray,
Ranking,,FALSE,Yule,
Raonanoï¿½Rao,, ,Yule,
Rapson,,FALSE,Yule,
Ras Haili,,FALSE,Yule,
Rashï¿½duddï¿½n,, ,Yule,
Ravenala tree (Urania speciosa),,FALSE,Yule,
Raw meat eaten,,FALSE,Yule,
Rawlinson,,Person,Yule,
Reclus,,FALSE,Yule,
Red Sea,,Location,Yule,
Red gold and red Tangas,,FALSE,Yule,
Red sect of Lamas,,FALSE,Yule,
Refraction,,FALSE,Yule,
Regains his liberty,,Person,Murray,
Reindeer ridden,,FALSE,Yule,
Religion,,FALSE,Yule,
Remission of taxation by Kï¿½blï¿½i,, ,Yule,
Rennell,,FALSE,Yule,
Reobarle,,Location,Murray,
Reobarles (Rï¿½dbï¿½r,, ,Yule,
Revenue of Kinsay,,FALSE,Yule,
Rhinoceros (Unicorn,,FALSE,Yule,
Rhinoceros of Sumatra,,,Murray,
Rhins,,FALSE,Yule,
Rhubarb,,FALSE,Yule,
Riant,,FALSE,Yule,
Ricci,,FALSE,Yule,
Rice,,FALSE,Yule,
Rice-wine,,FALSE,Yule,
Richard II,,FALSE,Yule,
Richthofen,,FALSE,Yule,
Right and Left,,FALSE,Yule,
Rio Marabia,,Location,Yule,
Roads radiating from Cambaluc,,FALSE,Yule,
Robbers in Persia,,FALSE,Yule,
Robbersï¿½ River,, ,Yule,
Robes distributed by Kï¿½blï¿½i,, ,Yule,
Roborovsky,,Person,Yule,
Rochefort,,FALSE,Yule,
Rockets,,FALSE,Yule,
Rockhill (Rubruck and Diary of a Journey,,Location,Yule,
Rofia palm (sagus ruffia,,FALSE,Yule,
Rofia palm (sagus ruffia),,FALSE,Yule,
Rome,,Location,Yule,
Roriï¿½Bakkar,, ,Yule,
Rosaries,,FALSE,Yule,
Rostof and Susdal,,Person,Yule,
Roth,,FALSE,Yule,
Rouble,,FALSE,Yule,
Roxana,,Person,Yule,
Roze de lï¿½Aï¿½ur,, ,Yule,
Rubies,,FALSE,Yule,
Rubruquis,,Person,Murray,Yule
Ruby mines in Badakhshan,,FALSE,Yule,
Ruc (Rukh,,Person,Yule,
Rudder,,FALSE,Yule,
Rudra Deva,,Person,Yule,
Rudrama Devi,,Person,Yule,
Rukh,,Person,Yule,
Rukhnuddin,,Person,Yule,
Runiz,,FALSE,Yule,
Ruomedamï¿½Ahomet,, ,Yule,
Rupen,,Person,Yule,
Rupert,,Person,Yule,
Russia,,,Murray,
Russia (Rosia,,Location,Yule,
Russians,,FALSE,Yule,
Rusticiano of Pisa,,Person,Yule,
Rusticians,,Person,Murray,
Rustï¿½k,, ,Yule,
Ruyschï¿½s map,, ,Yule,
Rï¿½dbï¿½r-i-Lass,, ,Yule,
Rï¿½dkhï¿½nah-i-Duzdi (Robbersï¿½ River),, ,Yule,
Rï¿½dkhï¿½nah-i-Shor (Salt River),, ,Yule,
Rï¿½in,, ,Yule,
Rï¿½m,, ,Yule,
Rï¿½nï¿½ Paramitï¿½ï¿½s Woman Country,, ,Yule,
Rï¿½ppellï¿½s Table of Abyssinian kings,, ,Yule,
Sa-van-fu (Siang-yang-fou),,Location,Murray,
Saadi,,FALSE,Yule,
Saba,Sava,Location,Yule,
Sabaste,,FALSE,Yule,
Sable,,FALSE,Yule,
Sabreddin,,FALSE,Yule,
Sabzawur,,FALSE,Yule,
Sacchion,Cha-tcheou,Location,Murray,
Sachiu (Sha-chau),,FALSE,Yule,
Sacrifices of people of Tangut,,FALSE,Yule,
Saffron,,FALSE,Yule,
Sagacity of sledge-dogs,,FALSE,Yule,
Sagamon Borcan,,FALSE,Yule,
Sagatu,,FALSE,Yule,
Saggio (16 oz.),,FALSE,Yule,
Sago,,FALSE,Yule,
Saianfu,,FALSE,Yule,
Saif Arad,,Person,Yule,
Saifuddin Nazrat,,Person,Yule,
Saimur (Chaul),,FALSE,Yule,
Sain Khan (or Batu),,Person,Yule,
Saker falcons,,FALSE,Yule,
Sakta doctrines,,FALSE,Yule,
Sakya Muni (Sagamon Borcan) Buddha,,Person,Yule,
Salamander,,FALSE,Yule,
Salar (Ho-chau),,FALSE,Yule,
Salem,,Person,Yule,
Salghur,,FALSE,Yule,
Salsette Island,,Location,Yule,
Salt,,Location,Murray,Yule
Salwen River,,Location,Yule,
Samagar,,FALSE,Yule,
Samara,,Location,Yule,
Samarcan,Samarcand,Location,Murray,
Samarkand (Samarcan,,Location,Yule,
Sampson,,FALSE,Yule,
Samudra,,FALSE,Yule,
Samuel,,Person,Yule,
Samï¿½na,, ,Yule,
San Giovanni Grisostomo,,Person,Yule,
San Lorenzo,,Location,Yule,
Sandu,,FALSE,Yule,
Sanf,,FALSE,Yule,
Sanglich,,FALSE,Yule,
Sangon,,FALSE,Yule,
Sangï¿½Miau,, ,Yule,
Sangï¿½n,, ,Yule,
Sanitary effects of Mountain air,,FALSE,Yule,
Sanjar,,Location,Yule,
Sankin Hoto,,Person,Yule,
Sanuto of Torcelli,,Person,Yule,
Sappan wood,,FALSE,Yule,
Saptaï¿½Shaila,, ,Yule,
Sapurgan,Shibbergaun,Location,Murray,
Sar-i-kol,,Location,Yule,
Saracanco (Saraichik,,FALSE,Yule,
Saracens,,Organization,Murray,Yule
Sarai (Sara,,Location,Yule,
Saratov,,FALSE,Yule,
Sarbizan Pass,,FALSE,Yule,
Sardines,,FALSE,Yule,
Sarghalan River,,FALSE,Yule,
Sarha,,Location,Yule,
Sarhadd River,,Location,Yule,
Sarsï¿½ti,, ,Yule,
Sartach,,Person,Murray,
Sartak,,Person,Yule,
Sassanian dynasty,,Organization,Yule,
Sati,,FALSE,Yule,
Satin,,FALSE,Yule,
Sava,,Location,Murray,
Savast (Siwas),,FALSE,Yule,
Scanderoon,,Location,Yule,
Scasem,,FALSE,Yule,
Scassem,Koondooz,Location,Murray,
Scherani,,FALSE,Yule,
Schiltberger,,FALSE,Yule,
Schindler,,Person,Yule,
Schlegel,,Person,Yule,
Schmidt,,Person,Yule,
Schuyler,,FALSE,Yule,
Schï¿½nborn,, ,Yule,
Scidmore,,FALSE,Yule,
Scotra,,Location,Yule,
Scotra (Socotra) isle of,,Location,Murray,
Scythians,,Organization,Murray,
Sea of Chin,,Location,Yule,
Seal,,FALSE,Yule,
Sebaste,,FALSE,Yule,
Sebourc,,FALSE,Yule,
Sees of Latin Church,,FALSE,Yule,
Sefavï¿½ehs,, ,Yule,
Seilan,,Location,Yule,
Seilan (Ceylon),,Person,Murray,
Self-decapitation,,FALSE,Yule,
Selitrennoyï¿½ Gorodok (Saltpetre Town),, ,Yule,
Seljukian dynasty,,Organization,Yule,
Semal tree,,FALSE,Yule,
Semedo,,FALSE,Yule,
Semenat,,Location,Yule,
Semenat (Sumnaut),,Location,Murray,
Sempad,,Person,Yule,
Sendal,,FALSE,Yule,
Sendemain,,Person,Yule,
Sender Bandi Davar,,FALSE,Yule,
Seneca,,FALSE,Yule,
Senecherim,,Person,Yule,
Seni,,FALSE,Yule,
Sensin,,FALSE,Yule,
Sentemur,,FALSE,Yule,
Sepulchre of Adam,,FALSE,Yule,
Serano,,FALSE,Yule,
Serazi (Shï¿½rï¿½z,, ,Yule,
Serendib,,FALSE,Yule,
Sergamon Borcam,,,Murray,
Serpents,,FALSE,Yule,
Sertorius,,FALSE,Yule,
Sesamï¿½,, ,Yule,
Sethï¿½s mission to Paradise,, ,Yule,
Sevan Lake,,Location,Yule,
Seven Arts,,FALSE,Yule,
Severtsoff,,FALSE,Yule,
Seyyed Barghash,,Person,Yule,
Sha-chau (Sachin,,FALSE,Yule,
Shabankara,,FALSE,Yule,
Shabar,,Person,Yule,
Shadow,,FALSE,Yule,
Shah Abbas,,Person,Yule,
Shah Werdy,,Person,Yule,
Shahr Mandi,,FALSE,Yule,
Shahr-i-Babek,,Location,Yule,
Shahr-i-Nao (Siam),,FALSE,Yule,
Shaibani Khan,,FALSE,Yule,
Shaikhs (Esheks,,FALSE,Yule,
Shakespeare,,FALSE,Yule,
Shamanism,,,Murray,
Shamanism. (See also Devilï¿½Dancing.),, ,Yule,
Shampath,,Person,Yule,
Shamsuddin Shamatrani,,FALSE,Yule,
Shamuthera,,Location,Yule,
Shan (Laotian,,FALSE,Yule,
Shan-hai-kwan,,FALSE,Yule,
Shan-si,,FALSE,Yule,
Shan-tung,,FALSE,Yule,
Shanars of Tinnevelly,,FALSE,Yule,
Shang-hai,,FALSE,Yule,
Shangkingï¿½Fungking,, ,Yule,
Shangtu,,Location,Yule,
Shangtu Keibung,,FALSE,Yule,
Shankï¿½rah,, ,Yule,
Shao-hing-fu,,FALSE,Yule,
Shao-ling,,FALSE,Yule,
Shara-ul-buks (Forest of box on the Black Sea),,FALSE,Yule,
Sharakhs,,FALSE,Yule,
Sharks and shark charmers,,FALSE,Yule,
Shauls,,FALSE,Yule,
Shaw,,FALSE,Yule,
Shawls of Kerman,,FALSE,Yule,
Shawï¿½nkï¿½ra (Soncara),, ,Yule,
Sheep,,FALSE,Yule,
Sheepï¿½s head given to horses,, ,Yule,
Shehr,,Person,Yule,
Shehrizor (Kerkuk),,FALSE,Yule,
Shen-si,,FALSE,Yule,
Shenrabs,,FALSE,Yule,
Shentseu tribe,,FALSE,Yule,
Sheuping,,FALSE,Yule,
Shewï¿½,, ,Yule,
Shi-tsung,,Person,Yule,
Shibrgï¿½n (Sapurgan),, ,Yule,
Shieng,,FALSE,Yule,
Shighnan (Syghinan,,Location,Yule,
Shikï¿½rgï¿½h,, ,Yule,
Shing-king,,FALSE,Yule,
Ships,,FALSE,Yule,
Shireghi,,FALSE,Yule,
Shirha,,FALSE,Yule,
Shirwan,,FALSE,Yule,
Shoa,,FALSE,Yule,
Shobï¿½aengs of Nicobar,, ,Yule,
Shodja ed-din Kurshid,,FALSE,Yule,
Shorï¿½Rud (Salt River),, ,Yule,
Shot of Military Engines,,FALSE,Yule,
Shpilevsky,,FALSE,Yule,
Shut up nations,,FALSE,Yule,
Shwï¿½li River,, ,Yule,
Shï¿½listï¿½n (Suolstan),, ,Yule,
Shï¿½liï¿½t,, ,Yule,
Shï¿½ls of Shauls,, ,Yule,
Shï¿½rï¿½z ,Cerazi,Location,Yule,
Si Hia,,FALSE,Yule,
Si-fan,,Organization,Murray,
Si-hu,,Location,Yule,
Si-ngan fu (Kenjanfu,,FALSE,Yule,
Siam,,Person,Yule,
Siang-yang-fu (Saianfu,,Location,Yule,
Siberia,,Location,Yule,
Sibree,,FALSE,Yule,
Sick men put to death and eaten by their friends,,FALSE,Yule,
Siddhï¿½rta,, ,Yule,
Sidi Ali,,FALSE,Yule,
Sien,,FALSE,Yule,
Sifan,,FALSE,Yule,
Sigatay,,FALSE,Yule,
Sighelm,,Person,Yule,
Sijistï¿½n,, ,Yule,
Siju (Suthsian),,FALSE,Yule,
Sikintinju (Kien-chow),,FALSE,Yule,
Silesia,,Location,Yule,
Silk,,FALSE,Yule,
Silver chairs,,FALSE,Yule,
Simon,,FALSE,Yule,
Simurgh,,FALSE,Yule,
Simï¿½m,, ,Yule,
Sin-din-fu,Tching-tou-fou,Location,Murray,
Sin-gui,,Location,Murray,
Sin-gui (Sou-teheou-fou),,Location,Murray,
Sin-gui(Tsi-ning-tcheou) city of,,,Murray,
Sinbad,,Person,Yule,
Sind (Sindhuï¿½Sauvira),, ,Yule,
Sindachu (Siuen-hwa fu),,FALSE,Yule,
Sindafu (Chengtu-fu),,FALSE,Yule,
Sindhuï¿½Sauvira (Sindh-Sï¿½gor),, ,Yule,
Sindï¿½bï¿½r (Goa),, ,Yule,
Singapore,,FALSE,Yule,
Singkel,,FALSE,Yule,
Singphos,,FALSE,Yule,
Sings,,FALSE,Yule,
Singtur,,Person,Yule,
Singuyli (Cranganor),,FALSE,Yule,
Sinhopala (Accambale,,Person,Yule,
Sinju (Si-ning fu,,FALSE,Yule,
Sinju (Si-ning fu),,FALSE,Yule,
Sinju-matu,,FALSE,Yule,
Sinope,,FALSE,Yule,
Sinugul,Soui-tcheou,Location,Murray,
Sir-i-Chashma,,FALSE,Yule,
Sirikol,,Location,Yule,
Sirocco,,,Murray,
Sis,,FALSE,Yule,
Sismondi,,,Murray,
Sitting in air,,FALSE,Yule,
Siu chau,,FALSE,Yule,
Siuen-hwa-fu,,FALSE,Yule,
Siva,,FALSE,Yule,
Sivas,,FALSE,Yule,
Siwastï¿½n,, ,Yule,
Siwi,,FALSE,Yule,
Sixtus V,,Person,Yule,
Siyurgutmish,,FALSE,Yule,
Sladen,,FALSE,Yule,
Slaves in Bengal,,FALSE,Yule,
Sledges,,FALSE,Yule,
Sleeping-mats,,FALSE,Yule,
Sluices of Grand Canal,,FALSE,Yule,
Smith,,Person,Yule,
Smith (R.E.,,Person,Yule,
Sneezing,,FALSE,Yule,
Socotra (Scotra,,Location,Yule,
Soer (Suhar),,FALSE,Yule,
Sofala,,FALSE,Yule,
Sogoman Borcan,,Person,Yule,
Sol,,FALSE,Yule,
Soldaia,,FALSE,Yule,
Soldan,,FALSE,Yule,
Soldurii,,FALSE,Yule,
Soli,,Location,Yule,
Solomon,,FALSE,Yule,
Soltania,,FALSE,Yule,
Somnath (Semenat,,Location,Yule,
Sonagar-pattanam,,FALSE,Yule,
Soncara (Shawankï¿½ra),, ,Yule,
Sondur and Condur (Pulo Condore,,,Murray,
Sondur and Condur (Pulo Condore Group),,FALSE,Yule,
Sorcerers,,FALSE,Yule,
Sornau (Shahr-i-Nau,,FALSE,Yule,
Sotiates,,Location,Yule,
Soucat,,FALSE,Yule,
Southey,,Person,Yule,
Spaan,,FALSE,Yule,
Spice,,FALSE,Yule,
Spice wood,,FALSE,Yule,
Spices in China,,FALSE,Yule,
Spikenard,,FALSE,Yule,
Spinello Aretini,,FALSE,Yule,
Spirit drawings and spiritual flowers,,FALSE,Yule,
Spirits haunting deserts,,FALSE,Yule,
Spiritualism in China,,FALSE,Yule,
Spittoons,,FALSE,Yule,
Spodium (Spodos),,FALSE,Yule,
Sport and game,,FALSE,Yule,
Sposk,,FALSE,Yule,
Springolds,,FALSE,Yule,
Springs,,FALSE,Yule,
Sprinkling of drink,,FALSE,Yule,
Squares at Kinsay,,FALSE,Yule,
Sriï¿½Thammarat,, ,Yule,
Sriï¿½Vaikuntham,, ,Yule,
Sse River,,FALSE,Yule,
St. Anno of Cologne,,FALSE,Yule,
St. Barlaam and St. Josafat,,FALSE,Yule,
St. Barsauma (Barsamo,,FALSE,Yule,
St. Blasius (Blaise,,Location,Yule,
St. Brandon,,FALSE,Yule,
St. Buddha,,FALSE,Yule,
St. Epiphanius,,FALSE,Yule,
St. George,,Location,Yule,
St. Helena,,FALSE,Yule,
St. Jamesï¿½ Shrine,, ,Yule,
St. John the Baptist,,Location,Yule,
St. Leonard,,Location,Yule,
St. Lewis,,Person,Yule,
St. Martin,,FALSE,Yule,
St. Maryï¿½s Island,, ,Yule,
St. Matthew,,FALSE,Yule,
St. Matthewï¿½s Gospel,, ,Yule,
St. Nina,,FALSE,Yule,
St. Sabbaï¿½s at Acre,, ,Yule,
St. Thomas,,Person,Yule,
St. Thomasï¿½s Isle,, ,Yule,
Stack,,FALSE,Yule,
Star Chart,,FALSE,Yule,
Star of Bethlehem,,FALSE,Yule,
Steamers on Yangtse-kiang,,FALSE,Yule,
Steel mines at Kermï¿½n,, ,Yule,
Stefani,,FALSE,Yule,
Stein,,Person,Yule,
Stiens of Cambodia,,FALSE,Yule,
Stirrups,,FALSE,Yule,
Stitched vessels,,FALSE,Yule,
Stockade erected by Poloï¿½s party in Sumatra,, ,Yule,
Stone,,FALSE,Yule,
Stones giving invulnerability,,FALSE,Yule,
Su-chau (Suju,,FALSE,Yule,
Su-tï¿½sh,, ,Yule,
Submersion of part of Ceylon,,FALSE,Yule,
Subterraneous irrigation,,FALSE,Yule,
Suburbs of Cambaluc,,FALSE,Yule,
Subutai,,Person,Yule,
Succiur,Sou-tcheou,Location,Murray,
Suchnan River,,FALSE,Yule,
Sudarium,,FALSE,Yule,
Sugar,,FALSE,Yule,
Suh-chau (Sukchur),,FALSE,Yule,
Suicides before an idol,,FALSE,Yule,
Sukchur,,Location,Yule,
Sukkothai,,FALSE,Yule,
Sukum Kalaï¿½,, ,Yule,
Suleiman,,Location,Yule,
Sulphur and quicksilver,,FALSE,Yule,
Sultan Shah,,Person,Yule,
Sultaniah,,FALSE,Yule,
Sumatra,,Location,Murray,Yule
Sumatra (Java the Less,,Location,Yule,
Sumbawa,,FALSE,Yule,
Summers,,Person,Yule,
Sumutala,,FALSE,Yule,
Sun and moon,,FALSE,Yule,
Sundar Fï¿½lï¿½t (Pulo Condore Group),, ,Yule,
Sundara Pandi Devar,,Person,Yule,
Sung,,Organization,Yule,
Sunnis and Shias,,FALSE,Yule,
Suolstan (Shulistan,,Location,Yule,
Superstitions in Tangut,,FALSE,Yule,
Survival,,FALSE,Yule,
Surï¿½Raja,, ,Yule,
Sushun,,Person,Yule,
Suttee,,,Murray,
Suttees in S. India,,FALSE,Yule,
Suï¿½kin,, ,Yule,
Swans,,FALSE,Yule,
Swat,,Location,Yule,
Swi-fu,,FALSE,Yule,
Sword blades of India,,FALSE,Yule,
Syghinan,,FALSE,Yule,
Sykes,,FALSE,Yule,
Sylen (Ceylon),,FALSE,Yule,
Symbolical messages,,FALSE,Yule,
Syrian Christians,,FALSE,Yule,
Sze-chï¿½wan (Chï¿½eng-tu,, ,Yule,
Szechï¿½nyi,, ,Yule,
Sï¿½ddhodhana,, ,Yule,
Sï¿½lih,, ,Yule,
Sï¿½nkalï¿½n,, ,Yule,
Sï¿½rdï¿½ Pass,, ,Yule,
Sï¿½rjï¿½n or Shirjï¿½n,, ,Yule,
Sï¿½rï¿½f (Kish,, ,Yule,
Sï¿½stï¿½n,, ,Yule,
Sï¿½vah (Saba),, ,Yule,
Ta Tsing River,,Location,Yule,
Ta-pa-Shan range,,FALSE,Yule,
Ta-tï¿½sien-lu,, ,Yule,
Tabashir,,FALSE,Yule,
Tabbas,,FALSE,Yule,
Table of the Great Khan,,FALSE,Yule,
Tables,,FALSE,Yule,
Tablet,,FALSE,Yule,
Tablets of Authority,,FALSE,Yule,
Tabriz (Tauris),,FALSE,Yule,
Tachindo,,FALSE,Yule,
Tacitus,,FALSE,Yule,
Tactics,,FALSE,Yule,
Tacuin,,FALSE,Yule,
Tadinfu,,FALSE,Yule,
Taeping,,FALSE,Yule,
Taeping Insurrection and Devastations,,FALSE,Yule,
Taffetas,,FALSE,Yule,
Taft,,FALSE,Yule,
Tafurs,,FALSE,Yule,
Tagachar,,FALSE,Yule,
Tagaung,,FALSE,Yule,
Tagharma Pass,,FALSE,Yule,
Taghdï¿½ngbï¿½sh River,, ,Yule,
Tai-in-fu (Tai-yuen-fou),,Location,Murray,
Tai-kan(Khoolloom),,Location,Murray,
Tai-tsu,,FALSE,Yule,
Taianfu (Tï¿½ai-yuan-fu,, ,Yule,
Taiani,,FALSE,Yule,
Taican,,FALSE,Yule,
Taichau (Tigu),,FALSE,Yule,
Taidu,,Location,Yule,
Taikung,,FALSE,Yule,
Tailed men,,Person,Yule,
Tailors,,FALSE,Yule,
Taimï¿½ni tribe,, ,Yule,
Taiting-fu (Tadinfu,,FALSE,Yule,
Taitong-fu,,FALSE,Yule,
Tajiks of Badakhshan,,FALSE,Yule,
Takfï¿½r,, ,Yule,
Takhtapul,,FALSE,Yule,
Taklaï¿½Makan,, ,Yule,
Talains,,FALSE,Yule,
Talas River,,Location,Yule,
Tali,,Location,Yule,
Talifu (Carajan),,FALSE,Yule,
Talikan,,FALSE,Yule,
Tallies,,FALSE,Yule,
Tam-pin-gui,,Location,Murray,
Tamarind,,FALSE,Yule,
Tamerlan,,FALSE,Yule,
Tana (Azov,,Location,Yule,
Tana (Azov),,Location,Yule,
Tana (Bombay),,Location,Murray,
Tanaï¿½Maiambu,, ,Yule,
Tanaï¿½Malayu,, ,Yule,
Tanduc,,FALSE,Yule,
Tangnu Oola,,FALSE,Yule,
Tangut,,Location,Murray,
Tangut province,,FALSE,Yule,
Tangutan,,FALSE,Yule,
Tanjore,,FALSE,Yule,
Tanpiju (Shaohing?),,FALSE,Yule,
Tantras,,FALSE,Yule,
Tao-lin,,Person,Yule,
Tao-sze (Taossï¿½,, ,Yule,
Taprobana,,FALSE,Yule,
Tarakai,,FALSE,Yule,
Tarantula,,FALSE,Yule,
Tarem,,FALSE,Yule,
Tares of the parable,,FALSE,Yule,
Tarmabala,,Person,Yule,
Tarok Man and Tarok Myo,,FALSE,Yule,
Tartar language,,FALSE,Yule,
Tartars,,Organization,Yule,
Tartars driven out of China,,,Murray,
Tartary cloths,,FALSE,Yule,
Tarungares,,FALSE,Yule,
Tarï¿½kh-i-Rashï¿½dï¿½,, ,Yule,
Tatarï¿½ya coins,, ,Yule,
Tathung,,FALSE,Yule,
Tattooing,,FALSE,Yule,
Tatu (Taichu,,Location,Yule,
Tatu (Taichu),,Location,Yule,
Tatyang Khan (Great King,,Person,Yule,
Tauris,,FALSE,Yule,
Taurizi,,FALSE,Yule,
Tawï¿½lisi,, ,Yule,
Taxes,,FALSE,Yule,
Tchakiri Mondou (Modun,,FALSE,Yule,
Tchakiri Mondou (Modun),,FALSE,Yule,
Tea,,,Murray,
Tea trees in E. Tibet,,FALSE,Yule,
Tea-houses at Kingszï¿½,, ,Yule,
Tebet,,FALSE,Yule,
Tedaldo,,FALSE,Yule,
Teeth,,FALSE,Yule,
Teflis,,Location,Murray,
Tegana,,FALSE,Yule,
Teghele,,FALSE,Yule,
Teimur,,Person,Yule,
Tekla,,FALSE,Yule,
Tekrit,,FALSE,Yule,
Telingana,,FALSE,Yule,
Telo Samawe,,FALSE,Yule,
Tembul (Betel,,FALSE,Yule,
Temkan,,Person,Yule,
Temple,,FALSE,Yule,
Templeï¿½s account of the Condor,, ,Yule,
Temugin,,Person,Murray,
Temujin,,FALSE,Yule,
Temur,,Person,Murray,
Tenduc,,Location,Murray,Yule
Tengri,,FALSE,Yule,
Tennasserim,,FALSE,Yule,
Tents,,FALSE,Yule,
Tents of  the great khan,,,Murray,
Terebinth,,FALSE,Yule,
Terra Australis,,FALSE,Yule,
Terra Mountains,,FALSE,Yule,
Teï¿½Tsung,, ,Yule,
Thai,,FALSE,Yule,
Thai-yuanfu (Taianfu,,FALSE,Yule,
Thai-yuanfu (Taianfu),,FALSE,Yule,
Thaigin,,FALSE,Yule,
Theft,,FALSE,Yule,
Theistic worship,,FALSE,Yule,
Thelasar,,FALSE,Yule,
Theobald,,FALSE,Yule,
Theodorus,,Person,Yule,
Theodosius the Great,,FALSE,Yule,
Theophilus,,Person,Yule,
Thian Shan,,Person,Yule,
Thiantï¿½-Kiun,, ,Yule,
Thibet,,Location,Murray,
Thin lï¿½Evï¿½que,, ,Yule,
Tholoman,,Location,Yule,
Thomas,,FALSE,Yule,
Thread,,FALSE,Yule,
Three kingdoms (Sanï¿½Kwï¿½),, ,Yule,
Threshold,,FALSE,Yule,
Thurï¿½n Shahï¿½s History of Hormuz,, ,Yule,
Thï¿½venot,, ,Yule,
Ti-min-gui,King-te-ching,Location,Murray,
Tibet,Tebet,Location,Yule,
Tibetan language and character,,FALSE,Yule,
Tibetans,,FALSE,Yule,
Tides in Hang-chau estuary,,FALSE,Yule,
Tierce,,FALSE,Yule,
Tiflis,,FALSE,Yule,
Tigado,,Location,Yule,
Tigers (called lions by Polo,,FALSE,Yule,
Tigris River (Volga,,Location,Yule,
Tigï¿½dar (Acomat Soldan),, ,Yule,
Tiju,,FALSE,Yule,
Tiles,,FALSE,Yule,
Tiling,,FALSE,Yule,
Tilinga,,FALSE,Yule,
Timur of Toumen,,Person,Yule,
Timur the Great,,FALSE,Yule,
Timurids,,FALSE,Yule,
Tin-gui,,Location,Murray,
Ting,,FALSE,Yule,
Tinju,,FALSE,Yule,
Tinnevelly,,FALSE,Yule,
Tithe on clothing material,,FALSE,Yule,
Tithing men,,FALSE,Yule,
Titus,,Person,Yule,
Tjajya,,FALSE,Yule,
Toba race,,FALSE,Yule,
Toc-tai,,Person,Murray,
Toctai,,Person,Yule,
Tod,,Person,Yule,
Toddy,,FALSE,Yule,
Togan,,FALSE,Yule,
Toghontemur,,Person,Yule,
Toghrul I,,Person,Yule,
Togrul Wang Khan,,Person,Yule,
Toka Tumir,,FALSE,Yule,
Toktai Khan (Toctai,,Person,Yule,
Tokï¿½t,, ,Yule,
Tolan-nur (Dolonnï¿½r),, ,Yule,
Toleto,,Person,Yule,
Tolobuga,,FALSE,Yule,
Toman (Tuman,,FALSE,Yule,
Tongking,,FALSE,Yule,
Tonocain,Daumghann,Location,Murray,
Tooth-relique of Buddha,,FALSE,Yule,
Torchi,,FALSE,Yule,
Toris ,"Tauris,Tabreez",Location,Murray,
Tornesel,,FALSE,Yule,
Toro River,,Person,Yule,
Torshok,,FALSE,Yule,
Torture by constriction in raw hide,,FALSE,Yule,
Tournefort,,FALSE,Yule,
Tower and Bell Alarm at Peking,,FALSE,Yule,
Toyan (Tathung?),,FALSE,Yule,
Trade at Layas,,FALSE,Yule,
Trades in Manzi,,FALSE,Yule,
Transmigration,,FALSE,Yule,
Traps for fur animals,,FALSE,Yule,
Travancore,,FALSE,Yule,
Travellers,,Organization,Murray,
Treasure of Maabar kings,,FALSE,Yule,
Trebizond,,Location,Yule,
Trebuchets,,FALSE,Yule,
Trees,,FALSE,Yule,
Trench,,FALSE,Yule,
Trevisano,,FALSE,Yule,
Trincomalee,,FALSE,Yule,
Tringano,,FALSE,Yule,
Trinkat,,Person,Yule,
Tsin-tsun,,FALSE,Yule,
Tsiuan-chau,,FALSE,Yule,
Tsongkhapa,,FALSE,Yule,
Tsukuzi in Japan,,FALSE,Yule,
Tsung-ngan-hien,,FALSE,Yule,
Tsushima,,Location,Yule,
Tsï¿½uan-chou,, ,Yule,
Tu Tï¿½song,, ,Yule,
Tu-fan,,Location,Yule,
Tu-ku-hun,,FALSE,Yule,
Tuan,,Person,Yule,
Tudai,,Person,Yule,
Tudaiï¿½Mangku (Totamangu or Totamangul),, ,Yule,
Tughan,,Person,Yule,
Tughlak Shah,,Person,Yule,
Tuktuyai Khan,,Person,Yule,
Tuli,,Person,Yule,
Tuman,,FALSE,Yule,
Tumba,,FALSE,Yule,
Tun-o-kain (Tunocain,,Location,Yule,
Tung-chau (Tinju),,FALSE,Yule,
Tung-hwang-hien,,FALSE,Yule,
Tung-kwan,,Location,Yule,
Tung-ï¿½an in Fokien,, ,Yule,
Tunguses,,FALSE,Yule,
Tunny fish,,FALSE,Yule,
Turbit (radex Turpethi),,FALSE,Yule,
Turcomania,Anatolian Turkey,Location,Yule,
Turgaut,,FALSE,Yule,
Turkestan,,Location,Murray,
Turkey,"Great Turkey,Turkestan",Location,Yule,
Turkistan chiefs send mission to kings of India,,FALSE,Yule,
Turkmans and Turks,,FALSE,Yule,
Turks,,Person,Yule,
Turmeric,,FALSE,Yule,
Turner,,Person,Yule,
Turquans,,FALSE,Yule,
Turquoises in Kermï¿½n,, ,Yule,
Turtle doves,,FALSE,Yule,
Turumpak,,FALSE,Yule,
Tutia (Tutty,,FALSE,Yule,
Tuticorin,,FALSE,Yule,
Tver,,FALSE,Yule,
Twelve,,FALSE,Yule,
Twigs or arrows,,FALSE,Yule,
Tylor,,Person,Yule,
Tyuman,,FALSE,Yule,
Tyunju,,FALSE,Yule,
Tzarev,,FALSE,Yule,
Tzaritzyn,,FALSE,Yule,
Tï¿½ai Tsung,, ,Yule,
Tï¿½aiching-Kwan,, ,Yule,
Tï¿½ang dynasty,, ,Yule,
Tï¿½ki-uddin,, ,Yule,
Tï¿½n,, ,Yule,
Tï¿½nasi cloth,, ,Yule,
Tï¿½nkï¿½z Khan,, ,Yule,
Tï¿½sang-chau,, ,Yule,
Tï¿½sh Kurgï¿½n,, ,Yule,
Tï¿½si-nan-fu (Chinangli),, ,Yule,
Tï¿½si-ning-chau,, ,Yule,
Tï¿½sien Tï¿½ang River,, ,Yule,
Tï¿½sing-chau,, ,Yule,
Tï¿½sing-ling range,, ,Yule,
U-man and Pe-man (Black and White Barbarians),,FALSE,Yule,
U-nya-Mwezi superstition,,FALSE,Yule,
Ucaca (Ukak,,FALSE,Yule,
Uch-baligh,,FALSE,Yule,
Uchï¿½Multï¿½n,, ,Yule,
Udoe country,,FALSE,Yule,
Udong,,FALSE,Yule,
Udyï¿½na,, ,Yule,
Ughim,,Location,Murray,
Ughuz,,Location,Yule,
Uighï¿½r character,, ,Yule,
Uighï¿½rs,, ,Yule,
Uiraca,,FALSE,Yule,
Uirad,,FALSE,Yule,
Ujjain,,FALSE,Yule,
Ukak. (See Ucaca.),,FALSE,Yule,
Ulakhai,,FALSE,Yule,
Ulan Muren (Red River),,FALSE,Yule,
Ulatai (Oulatay),,Location,Yule,
Ulugh Bagh,,Person,Yule,
Ulï¿½s,, ,Yule,
Umbrellas,,FALSE,Yule,
Un-gui,Kia-hing,Location,Murray,
Un-quem,Ming-taing,Location,Murray,
Unc Can (Aung Khan),,Person,Yule,
Ung,,Location,Yule,
Ungrat (Kungurat),,Location,Yule,
Unicorn (Rhinoceros),,FALSE,Yule,
Unken,,Location,Yule,
Unlucky hours,,FALSE,Yule,
Ural river,,Location,Murray,
Urduja,,Person,Yule,
Uriangkadai,,FALSE,Yule,
Uriangkï¿½t (Tunguses),, ,Yule,
Urianhai,,FALSE,Yule,
Urumtsi,,FALSE,Yule,
Urzï¿½,, ,Yule,
Uspenskoye (called also Bolgarskoye),,FALSE,Yule,
Uttungadeva,,Person,Yule,
Uwek,,FALSE,Yule,
Uzbeg Khan of Sarai,,Person,Yule,
Uzbegs of Kunduz,,FALSE,Yule,
Uzun Tati,,FALSE,Yule,
Vair,,FALSE,Yule,
Valaghir district,,FALSE,Yule,
Van Lake,,FALSE,Yule,
Vanchu (Wangchu),,FALSE,Yule,
Varaegian,,FALSE,Yule,
Varaha Mihira,,Person,Yule,
Vardoj River,,Location,Yule,
Varsach,,Location,Yule,
Veil of the Temple,,FALSE,Yule,
Vellalars,,FALSE,Yule,
Venetians,,FALSE,Yule,
Venice,,Location,Murray,Yule
Ventilators at Hormuz,,FALSE,Yule,
Venï¿½dan,, ,Yule,
Verlinden,,FALSE,Yule,
Vessels,,FALSE,Yule,
Vial,,FALSE,Yule,
Vijayanagar,,Location,Yule,
Vikramajit,,FALSE,Yule,
Vikrampï¿½r,, ,Yule,
Villard de Honnecourt,,FALSE,Yule,
Vincent of Beauvais,,FALSE,Yule,
Vincenzo,,FALSE,Yule,
Vineyards,,FALSE,Yule,
Vinson,,Person,Yule,
Virgin of Cape Comorin,,FALSE,Yule,
Visconti,,FALSE,Yule,
Vissering,,FALSE,Yule,
Vochan (Unchan),,Location,Yule,
Vociam,,Location,Murray,
Vokhan,,Location,Yule,
Vokhan (Wakhan),,Location,Murray,
Volga,,FALSE,Yule,
Volga river,,Location,Murray,
Vos,,Location,Yule,
Vughin,,FALSE,Yule,
Vuju in Kiangnan,,FALSE,Yule,
Vï¿½mbï¿½ry,, ,Yule,
Wa-tzu,,FALSE,Yule,
Wadoe tribe,,Location,Yule,
Wakf,,FALSE,Yule,
Wakhijrui Pass,,Location,Yule,
Wakhjï¿½r Pass,, ,Yule,
Wakhsh,,FALSE,Yule,
Wakhtang II,,Person,Yule,
Wakhï¿½n (Vokhan,, ,Yule,
Walashjird,,FALSE,Yule,
Waldshut,,,Murray,
Wall of Alexander (or Caucasian),,FALSE,Yule,
Wallachs,,FALSE,Yule,
Walnut-oil,,FALSE,Yule,
Wami River,,Location,Yule,
Wang,,Person,Yule,
Wangchu,,FALSE,Yule,
Wapila,,FALSE,Yule,
War vessels,,FALSE,Yule,
Warangol Ku,,FALSE,Yule,
Warangs,,FALSE,Yule,
Warner,,Person,Yule,
Wassï¿½f,, ,Yule,
Water,,FALSE,Yule,
Wathek,,FALSE,Yule,
Weather-conjuring,,FALSE,Yule,
Wei River in Shen-si,,Location,Yule,
Wei dynasty,,FALSE,Yule,
Wei-ning,,FALSE,Yule,
Weights and measures,,FALSE,Yule,
Wen River,,Location,Yule,
Wen-chow,,FALSE,Yule,
Westermarck,,FALSE,Yule,
Whale oil,,FALSE,Yule,
Whales,,FALSE,Yule,
Wheaten bread not eaten,,FALSE,Yule,
White bears,,FALSE,Yule,
Whittington and his cat in Persia,,FALSE,Yule,
Wild asses and oxen,,FALSE,Yule,
William of Tripoli,,Person,Yule,
Williams,,Person,Yule,
Williamson,,Person,Yule,
Wilson,,Person,Yule,
Wind,,FALSE,Yule,
Wine,,FALSE,Yule,
Wo-fo-sze,,FALSE,Yule,
Wolves in Pamir,,FALSE,Yule,
Women,,FALSE,Yule,
Wonders performed by the Bacsi,,FALSE,Yule,
Wood,,Person,Yule,
Wood-oil,,FALSE,Yule,
Wool,,FALSE,Yule,
Worship of Mahomet (supposed),,FALSE,Yule,
Worshipping the tablets,,FALSE,Yule,
Wu-chau (Vuju),,FALSE,Yule,
Wu-ti,,Person,Yule,
Wukiang-hien (Vughin),,FALSE,Yule,
Wylie,,Person,Yule,
Wï¿½sus,, ,Yule,
Xavier,,FALSE,Yule,
Xerxes,,FALSE,Yule,
Ya-chau,,FALSE,Yule,
Yachi (Yun-nan-fu),,Location,Yule,
Yaci,Chiaki,Location,Murray,
Yaik River,,Location,Yule,
Yak (dong),,FALSE,Yule,
Yakuts,,FALSE,Yule,
Yalung River,,Location,Yule,
Yam,,FALSE,Yule,
Yamgï¿½n,, ,Yule,
Yan-gui,Yang-tcheou-fou,Location,Murray,
Yang-chau (Yanju),,Person,Yule,
Yang-tse-kiang ,Kiang,Location,Murray,
Yarbeg of Badakhshan,,FALSE,Yule,
Yarcan,Yarcund,Location,Murray,
Yarcund,,Location,Murray,
Yarkand (Yarcan),,FALSE,Yule,
Yasdi,"Yerd,Yezd",Location,Murray,
Yasodhara,,Person,Yule,
Yavanas,,FALSE,Yule,
Yazdashir,,FALSE,Yule,
Yaï¿½kï¿½b Beg of Kasghar,, ,Yule,
Ydifu,,FALSE,Yule,
Year,,FALSE,Yule,
Yelimala,,FALSE,Yule,
Yeliu Chutsai,,FALSE,Yule,
Yellow,,FALSE,Yule,
Yemen (See also Aden.),,FALSE,Yule,
Yen-king (Old Peking),,FALSE,Yule,
Yeng-chau (in Shan-tung,,FALSE,Yule,
Yeng-chau (in Shan-tung),,FALSE,Yule,
Yenshan,,FALSE,Yule,
Yenï¿½Ping,, ,Yule,
Yesubuka,,FALSE,Yule,
Yesudar,,FALSE,Yule,
Yesugai,,Person,Yule,
Yetsina (Etzina),,FALSE,Yule,
Yezd (Yasdi),,FALSE,Yule,
Yiu-ki River,,FALSE,Yule,
Yonting Ho River,,FALSE,Yule,
Yoritomo,,FALSE,Yule,
Yotkï¿½n,, ,Yule,
Youth,,Location,Yule,
Yrac,,Location,Yule,
Ysemain of Hiulie,,Person,Yule,
Yu,,FALSE,Yule,
Yu-chow,,Location,Yule,
Yuan Ho,,FALSE,Yule,
Yue-chi,,FALSE,Yule,
Yuen,,Organization,Yule,
Yuen ming-yuen,,Location,Yule,
Yuen shi,,FALSE,Yule,
Yuen-hao,,Location,Yule,
Yugria,,Location,Yule,
Yuh-shan,,FALSE,Yule,
Yule,,Person,Yule,
Yun-nan (Carajan),,Location,Yule,
Yun-nan-fu city,,Location,Yule,
Yung Lo,,Person,Yule,
Yung-chang fu (Shen-si),,FALSE,Yule,
Yunï/Hien,, ,Yule,
Yurungkï¿½sh (white Jade) River,, ,Yule,
Yusuf Kekfi,,FALSE,Yule,
Yuthia,,Location,Yule,
Yvo of Narbonne,,FALSE,Yule,
Yï¿½jï¿½,, ,Yule,
Zabedj,,FALSE,Yule,
Zai-tun,Amoy,Location,Murray,
Zaila,,FALSE,Yule,
Zampa,,FALSE,Yule,
Zanghibar (Zangibar),,Location,Yule,
Zanghibar (Zanguebar),,Location,Murray,
Zanton (Shantung?),,FALSE,Yule,
Zanzale,,Organization,Yule,
Zapharan,,Location,Yule,
Zardandan,,FALSE,Yule,
Zarneke,,FALSE,Yule,
Zayton,,Location,Yule,
Zebu,,FALSE,Yule,
Zebï¿½k Valley,, ,Yule,
Zedoary,,FALSE,Yule,
Zenghi,,FALSE,Yule,
Zerms (Jerms),,FALSE,Yule,
Zerumbet,,FALSE,Yule,
Zettani,,FALSE,Yule,
Zhafar,,Location,Yule,
Zic (Circassia),,FALSE,Yule,
Zikas,,FALSE,Yule,
Zimmï¿½,, ,Yule,
Zinc,,FALSE,Yule,
Zinj,,FALSE,Yule,
Zipangu (Japan),,,Murray,
Zobeidah,,Person,Yule,
Zorza,,FALSE,Yule,
Zu-ï¿½lkarnain (Zulcarniain),, ,Yule,
Zurficar (Zï¿½rpica Zulficar),, ,Yule,
an soe the Pope,,,Murray,
Ábah,, ,Yule,
An-nan,, or Tongking, ,Yule
Angka(Gryphon),, ,Yule,
Apuhota (Kapukada?),, ,Yule,
